name;url;fetched
SUITES PERTO DO MAR;https://www.booking.com/hotel/br/suites-perto-do-mar.pt-br.html?label=gen173nr-1BCAEoggI46AdIM1gEaCCIAQGYAS24AQfIAQzYAQHoAQGIAgGoAgO4Aua9m6wGwAIB0gIkZTRkMGZhZTgtMzNkMS00YjM4LWI3ZmYtYTMzMWQ3Yzk4MTA32AIF4AIB&sid=bb851cb4cede7a0550c68031704f5f89&aid=304142&ucfs=1&arphpl=1&checkin=2024-05-08&checkout=2024-05-09&dest_id=-663612&dest_type=city&group_adults=1&req_adults=1&no_rooms=1&group_children=0&req_children=0&hpos=1&hapos=1&sr_order=popularity&nflt=ht_id%3D204&srpvid=ec4998ceb059015f&srepoch=1703367840&all_sr_blocks=921158801_385184336_2_0_0&highlighted_blocks=921158801_385184336_2_0_0&matching_block_id=921158801_385184336_2_0_0&sr_pri_blocks=921158801_385184336_2_0_0__12720&from=searchresults#hotelTmpl;FALSE
Pousada Residencial Porto de Galinhas;https://www.booking.com/hotel/br/pousada-residencial-porto-de-galinhas.pt-br.html?label=gen173nr-1BCAEoggI46AdIM1gEaCCIAQGYAS24AQfIAQzYAQHoAQGIAgGoAgO4Aua9m6wGwAIB0gIkZTRkMGZhZTgtMzNkMS00YjM4LWI3ZmYtYTMzMWQ3Yzk4MTA32AIF4AIB&sid=bb851cb4cede7a0550c68031704f5f89&aid=304142&ucfs=1&arphpl=1&checkin=2024-05-08&checkout=2024-05-09&dest_id=-663612&dest_type=city&group_adults=1&req_adults=1&no_rooms=1&group_children=0&req_children=0&hpos=2&hapos=2&sr_order=popularity&nflt=ht_id%3D204&srpvid=ec4998ceb059015f&srepoch=1703367840&all_sr_blocks=62564401_204039130_1_1_0&highlighted_blocks=62564401_204039130_1_1_0&matching_block_id=62564401_204039130_1_1_0&sr_pri_blocks=62564401_204039130_1_1_0__10900&from=searchresults#hotelTmpl;FALSE
Pousada Familly Porto de Galinhas;https://www.booking.com/hotel/br/porto-family-chales.pt-br.html?label=gen173nr-1BCAEoggI46AdIM1gEaCCIAQGYAS24AQfIAQzYAQHoAQGIAgGoAgO4Aua9m6wGwAIB0gIkZTRkMGZhZTgtMzNkMS00YjM4LWI3ZmYtYTMzMWQ3Yzk4MTA32AIF4AIB&sid=bb851cb4cede7a0550c68031704f5f89&aid=304142&ucfs=1&arphpl=1&checkin=2024-05-08&checkout=2024-05-09&dest_id=-663612&dest_type=city&group_adults=1&req_adults=1&no_rooms=1&group_children=0&req_children=0&hpos=3&hapos=3&sr_order=popularity&nflt=ht_id%3D204&srpvid=ec4998ceb059015f&srepoch=1703367840&all_sr_blocks=33843913_131603912_1_1_0&highlighted_blocks=33843913_131603912_1_1_0&matching_block_id=33843913_131603912_1_1_0&sr_pri_blocks=33843913_131603912_1_1_0__17500&from=searchresults#hotelTmpl;FALSE
Pousada Mar do Sonho Vila;https://www.booking.com/hotel/br/mar-do-sonho.pt-br.html?label=gen173nr-1BCAEoggI46AdIM1gEaCCIAQGYAS24AQfIAQzYAQHoAQGIAgGoAgO4Aua9m6wGwAIB0gIkZTRkMGZhZTgtMzNkMS00YjM4LWI3ZmYtYTMzMWQ3Yzk4MTA32AIF4AIB&sid=bb851cb4cede7a0550c68031704f5f89&aid=304142&ucfs=1&arphpl=1&checkin=2024-05-08&checkout=2024-05-09&dest_id=-663612&dest_type=city&group_adults=1&req_adults=1&no_rooms=1&group_children=0&req_children=0&hpos=4&hapos=4&sr_order=popularity&nflt=ht_id%3D204&srpvid=ec4998ceb059015f&srepoch=1703367840&all_sr_blocks=296429805_309511531_0_1_0&highlighted_blocks=296429805_309511531_0_1_0&matching_block_id=296429805_309511531_0_1_0&sr_pri_blocks=296429805_309511531_0_1_0__11500&from=searchresults#hotelTmpl;FALSE
Pousada Amada Terra Suítes;https://www.booking.com/hotel/br/pousada-amada-terra-suites.pt-br.html?label=gen173nr-1BCAEoggI46AdIM1gEaCCIAQGYAS24AQfIAQzYAQHoAQGIAgGoAgO4Aua9m6wGwAIB0gIkZTRkMGZhZTgtMzNkMS00YjM4LWI3ZmYtYTMzMWQ3Yzk4MTA32AIF4AIB&sid=bb851cb4cede7a0550c68031704f5f89&aid=304142&ucfs=1&arphpl=1&checkin=2024-05-08&checkout=2024-05-09&dest_id=-663612&dest_type=city&group_adults=1&req_adults=1&no_rooms=1&group_children=0&req_children=0&hpos=5&hapos=5&sr_order=popularity&nflt=ht_id%3D204&srpvid=ec4998ceb059015f&srepoch=1703367840&all_sr_blocks=1111101003_385356919_0_1_0&highlighted_blocks=1111101003_385356919_0_1_0&matching_block_id=1111101003_385356919_0_1_0&sr_pri_blocks=1111101003_385356919_0_1_0__49140&from=searchresults#hotelTmpl;FALSE
Hotel Veleiro de Porto;https://www.booking.com/hotel/br/veleiro-de-porto.pt-br.html?label=gen173nr-1BCAEoggI46AdIM1gEaCCIAQGYAS24AQfIAQzYAQHoAQGIAgGoAgO4Aua9m6wGwAIB0gIkZTRkMGZhZTgtMzNkMS00YjM4LWI3ZmYtYTMzMWQ3Yzk4MTA32AIF4AIB&sid=bb851cb4cede7a0550c68031704f5f89&aid=304142&ucfs=1&arphpl=1&checkin=2024-05-08&checkout=2024-05-09&dest_id=-663612&dest_type=city&group_adults=1&req_adults=1&no_rooms=1&group_children=0&req_children=0&hpos=6&hapos=6&sr_order=popularity&nflt=ht_id%3D204&srpvid=ec4998ceb059015f&srepoch=1703367840&all_sr_blocks=959657502_384829844_1_1_0&highlighted_blocks=959657502_384829844_1_1_0&matching_block_id=959657502_384829844_1_1_0&sr_pri_blocks=959657502_384829844_1_1_0__20400&from_sustainable_property_sr=1&from=searchresults#hotelTmpl;FALSE
Pousada Porto de Amigos Beach;https://www.booking.com/hotel/br/pousadaportodeeamigobeach.pt-br.html?label=gen173nr-1BCAEoggI46AdIM1gEaCCIAQGYAS24AQfIAQzYAQHoAQGIAgGoAgO4Aua9m6wGwAIB0gIkZTRkMGZhZTgtMzNkMS00YjM4LWI3ZmYtYTMzMWQ3Yzk4MTA32AIF4AIB&sid=bb851cb4cede7a0550c68031704f5f89&aid=304142&ucfs=1&arphpl=1&checkin=2024-05-08&checkout=2024-05-09&dest_id=-663612&dest_type=city&group_adults=1&req_adults=1&no_rooms=1&group_children=0&req_children=0&hpos=7&hapos=7&sr_order=popularity&nflt=ht_id%3D204&srpvid=ec4998ceb059015f&srepoch=1703367840&all_sr_blocks=1082966906_382751776_0_0_0&highlighted_blocks=1082966906_382751776_0_0_0&matching_block_id=1082966906_382751776_0_0_0&sr_pri_blocks=1082966906_382751776_0_0_0__17000&from=searchresults#hotelTmpl;FALSE
Pousada Fragata;https://www.booking.com/hotel/br/pousada-fragata-ipojuca1.pt-br.html?label=gen173nr-1BCAEoggI46AdIM1gEaCCIAQGYAS24AQfIAQzYAQHoAQGIAgGoAgO4Aua9m6wGwAIB0gIkZTRkMGZhZTgtMzNkMS00YjM4LWI3ZmYtYTMzMWQ3Yzk4MTA32AIF4AIB&sid=bb851cb4cede7a0550c68031704f5f89&aid=304142&ucfs=1&arphpl=1&checkin=2024-05-08&checkout=2024-05-09&dest_id=-663612&dest_type=city&group_adults=1&req_adults=1&no_rooms=1&group_children=0&req_children=0&hpos=8&hapos=8&sr_order=popularity&nflt=ht_id%3D204&srpvid=ec4998ceb059015f&srepoch=1703367840&all_sr_blocks=1082036301_380790342_2_2_0&highlighted_blocks=1082036301_380790342_2_2_0&matching_block_id=1082036301_380790342_2_2_0&sr_pri_blocks=1082036301_380790342_2_2_0__39600&from_sustainable_property_sr=1&from=searchresults#hotelTmpl;FALSE
Pousada Porto Verano;https://www.booking.com/hotel/br/pousada-porto-verano.pt-br.html?label=gen173nr-1BCAEoggI46AdIM1gEaCCIAQGYAS24AQfIAQzYAQHoAQGIAgGoAgO4Aua9m6wGwAIB0gIkZTRkMGZhZTgtMzNkMS00YjM4LWI3ZmYtYTMzMWQ3Yzk4MTA32AIF4AIB&sid=bb851cb4cede7a0550c68031704f5f89&aid=304142&ucfs=1&arphpl=1&checkin=2024-05-08&checkout=2024-05-09&dest_id=-663612&dest_type=city&group_adults=1&req_adults=1&no_rooms=1&group_children=0&req_children=0&hpos=9&hapos=9&sr_order=popularity&nflt=ht_id%3D204&srpvid=ec4998ceb059015f&srepoch=1703367840&all_sr_blocks=689476708_382517976_0_1_0&highlighted_blocks=689476708_382517976_0_1_0&matching_block_id=689476708_382517976_0_1_0&sr_pri_blocks=689476708_382517976_0_1_0__18000&from_sustainable_property_sr=1&from=searchresults#hotelTmpl;FALSE
Mirante dos Corais;https://www.booking.com/hotel/br/mirante-dos-corais.pt-br.html?label=gen173nr-1BCAEoggI46AdIM1gEaCCIAQGYAS24AQfIAQzYAQHoAQGIAgGoAgO4Aua9m6wGwAIB0gIkZTRkMGZhZTgtMzNkMS00YjM4LWI3ZmYtYTMzMWQ3Yzk4MTA32AIF4AIB&sid=bb851cb4cede7a0550c68031704f5f89&aid=304142&ucfs=1&arphpl=1&checkin=2024-05-08&checkout=2024-05-09&dest_id=-663612&dest_type=city&group_adults=1&req_adults=1&no_rooms=1&group_children=0&req_children=0&hpos=10&hapos=10&sr_order=popularity&nflt=ht_id%3D204&srpvid=ec4998ceb059015f&srepoch=1703367840&all_sr_blocks=804996801_353136646_1_1_0&highlighted_blocks=804996801_353136646_1_1_0&matching_block_id=804996801_353136646_1_1_0&sr_pri_blocks=804996801_353136646_1_1_0__26000&from=searchresults#hotelTmpl;FALSE
Pousada Som dos Pássaros;https://www.booking.com/hotel/br/residencial-som-dos-passaros.pt-br.html?label=gen173nr-1BCAEoggI46AdIM1gEaCCIAQGYAS24AQfIAQzYAQHoAQGIAgGoAgO4Aua9m6wGwAIB0gIkZTRkMGZhZTgtMzNkMS00YjM4LWI3ZmYtYTMzMWQ3Yzk4MTA32AIF4AIB&sid=bb851cb4cede7a0550c68031704f5f89&aid=304142&ucfs=1&arphpl=1&checkin=2024-05-08&checkout=2024-05-09&dest_id=-663612&dest_type=city&group_adults=1&req_adults=1&no_rooms=1&group_children=0&req_children=0&hpos=11&hapos=11&sr_order=popularity&nflt=ht_id%3D204&srpvid=ec4998ceb059015f&srepoch=1703367840&all_sr_blocks=89420412_208751325_2_1_0&highlighted_blocks=89420412_208751325_2_1_0&matching_block_id=89420412_208751325_2_1_0&sr_pri_blocks=89420412_208751325_2_1_0__28000&from_sustainable_property_sr=1&from=searchresults#hotelTmpl;FALSE
Pousada Canto do Porto;https://www.booking.com/hotel/br/pousada-canto-do-porto.pt-br.html?label=gen173nr-1BCAEoggI46AdIM1gEaCCIAQGYAS24AQfIAQzYAQHoAQGIAgGoAgO4Aua9m6wGwAIB0gIkZTRkMGZhZTgtMzNkMS00YjM4LWI3ZmYtYTMzMWQ3Yzk4MTA32AIF4AIB&sid=bb851cb4cede7a0550c68031704f5f89&aid=304142&ucfs=1&arphpl=1&checkin=2024-05-08&checkout=2024-05-09&dest_id=-663612&dest_type=city&group_adults=1&req_adults=1&no_rooms=1&group_children=0&req_children=0&hpos=12&hapos=12&sr_order=popularity&nflt=ht_id%3D204&srpvid=ec4998ceb059015f&srepoch=1703367840&all_sr_blocks=33622002_335346563_1_1_0&highlighted_blocks=33622002_335346563_1_1_0&matching_block_id=33622002_335346563_1_1_0&sr_pri_blocks=33622002_335346563_1_1_0__47000&from=searchresults#hotelTmpl;FALSE
Pousada Unaí;https://www.booking.com/hotel/br/pousada-unai.pt-br.html?label=gen173nr-1BCAEoggI46AdIM1gEaCCIAQGYAS24AQfIAQzYAQHoAQGIAgGoAgO4Aua9m6wGwAIB0gIkZTRkMGZhZTgtMzNkMS00YjM4LWI3ZmYtYTMzMWQ3Yzk4MTA32AIF4AIB&sid=bb851cb4cede7a0550c68031704f5f89&aid=304142&ucfs=1&arphpl=1&checkin=2024-05-08&checkout=2024-05-09&dest_id=-663612&dest_type=city&group_adults=1&req_adults=1&no_rooms=1&group_children=0&req_children=0&hpos=13&hapos=13&sr_order=popularity&nflt=ht_id%3D204&srpvid=ec4998ceb059015f&srepoch=1703367840&all_sr_blocks=73342806_94824789_2_1_0&highlighted_blocks=73342806_94824789_2_1_0&matching_block_id=73342806_94824789_2_1_0&sr_pri_blocks=73342806_94824789_2_1_0__25200&from_sustainable_property_sr=1&from=searchresults#hotelTmpl;FALSE
Pousada Luz do Porto;https://www.booking.com/hotel/br/pousada-luz-do-porto.pt-br.html?label=gen173nr-1BCAEoggI46AdIM1gEaCCIAQGYAS24AQfIAQzYAQHoAQGIAgGoAgO4Aua9m6wGwAIB0gIkZTRkMGZhZTgtMzNkMS00YjM4LWI3ZmYtYTMzMWQ3Yzk4MTA32AIF4AIB&sid=bb851cb4cede7a0550c68031704f5f89&aid=304142&ucfs=1&arphpl=1&checkin=2024-05-08&checkout=2024-05-09&dest_id=-663612&dest_type=city&group_adults=1&req_adults=1&no_rooms=1&group_children=0&req_children=0&hpos=14&hapos=14&sr_order=popularity&nflt=ht_id%3D204&srpvid=ec4998ceb059015f&srepoch=1703367840&all_sr_blocks=676701708_359567126_2_1_0&highlighted_blocks=676701708_359567126_2_1_0&matching_block_id=676701708_359567126_2_1_0&sr_pri_blocks=676701708_359567126_2_1_0__24239&from_sustainable_property_sr=1&from=searchresults#hotelTmpl;FALSE
Pousada Santorini;https://www.booking.com/hotel/br/pousada-santorini-ipojuca1.pt-br.html?label=gen173nr-1BCAEoggI46AdIM1gEaCCIAQGYAS24AQfIAQzYAQHoAQGIAgGoAgO4Aua9m6wGwAIB0gIkZTRkMGZhZTgtMzNkMS00YjM4LWI3ZmYtYTMzMWQ3Yzk4MTA32AIF4AIB&sid=bb851cb4cede7a0550c68031704f5f89&aid=304142&ucfs=1&arphpl=1&checkin=2024-05-08&checkout=2024-05-09&dest_id=-663612&dest_type=city&group_adults=1&req_adults=1&no_rooms=1&group_children=0&req_children=0&hpos=15&hapos=15&sr_order=popularity&nflt=ht_id%3D204&srpvid=ec4998ceb059015f&srepoch=1703367840&all_sr_blocks=694006901_285566127_2_1_0&highlighted_blocks=694006901_285566127_2_1_0&matching_block_id=694006901_285566127_2_1_0&sr_pri_blocks=694006901_285566127_2_1_0__29700&from=searchresults#hotelTmpl;FALSE
Beira Mar Porto de Galinhas Hotel;https://www.booking.com/hotel/br/beira-mar-porto-de-galinhas.pt-br.html?label=gen173nr-1BCAEoggI46AdIM1gEaCCIAQGYAS24AQfIAQzYAQHoAQGIAgGoAgO4Aua9m6wGwAIB0gIkZTRkMGZhZTgtMzNkMS00YjM4LWI3ZmYtYTMzMWQ3Yzk4MTA32AIF4AIB&sid=bb851cb4cede7a0550c68031704f5f89&aid=304142&ucfs=1&arphpl=1&checkin=2024-05-08&checkout=2024-05-09&dest_id=-663612&dest_type=city&group_adults=1&req_adults=1&no_rooms=1&group_children=0&req_children=0&hpos=16&hapos=16&sr_order=popularity&nflt=ht_id%3D204&srpvid=ec4998ceb059015f&srepoch=1703367840&all_sr_blocks=35828705_204848395_2_1_0&highlighted_blocks=35828705_204848395_2_1_0&matching_block_id=35828705_204848395_2_1_0&sr_pri_blocks=35828705_204848395_2_1_0__32000&from=searchresults#hotelTmpl;FALSE
Pousada Lua Azul;https://www.booking.com/hotel/br/pousada-lua-azul.pt-br.html?label=gen173nr-1BCAEoggI46AdIM1gEaCCIAQGYAS24AQfIAQzYAQHoAQGIAgGoAgO4Aua9m6wGwAIB0gIkZTRkMGZhZTgtMzNkMS00YjM4LWI3ZmYtYTMzMWQ3Yzk4MTA32AIF4AIB&sid=bb851cb4cede7a0550c68031704f5f89&aid=304142&ucfs=1&arphpl=1&checkin=2024-05-08&checkout=2024-05-09&dest_id=-663612&dest_type=city&group_adults=1&req_adults=1&no_rooms=1&group_children=0&req_children=0&hpos=17&hapos=17&sr_order=popularity&nflt=ht_id%3D204&srpvid=ec4998ceb059015f&srepoch=1703367840&all_sr_blocks=36542207_376151486_2_1_0&highlighted_blocks=36542207_376151486_2_1_0&matching_block_id=36542207_376151486_2_1_0&sr_pri_blocks=36542207_376151486_2_1_0__22500&from_sustainable_property_sr=1&from=searchresults#hotelTmpl;FALSE
Pousada La Bella Luna;https://www.booking.com/hotel/br/pousada-la-bella-luna.pt-br.html?label=gen173nr-1BCAEoggI46AdIM1gEaCCIAQGYAS24AQfIAQzYAQHoAQGIAgGoAgO4Aua9m6wGwAIB0gIkZTRkMGZhZTgtMzNkMS00YjM4LWI3ZmYtYTMzMWQ3Yzk4MTA32AIF4AIB&sid=bb851cb4cede7a0550c68031704f5f89&aid=304142&ucfs=1&arphpl=1&checkin=2024-05-08&checkout=2024-05-09&dest_id=-663612&dest_type=city&group_adults=1&req_adults=1&no_rooms=1&group_children=0&req_children=0&hpos=18&hapos=18&sr_order=popularity&nflt=ht_id%3D204&srpvid=ec4998ceb059015f&srepoch=1703367840&all_sr_blocks=396290206_202369354_2_1_0&highlighted_blocks=396290206_202369354_2_1_0&matching_block_id=396290206_202369354_2_1_0&sr_pri_blocks=396290206_202369354_2_1_0__28160&from_sustainable_property_sr=1&from=searchresults#hotelTmpl;FALSE
Pousada Angra do Porto;https://www.booking.com/hotel/br/pousada-angra-do-porto.pt-br.html?label=gen173nr-1BCAEoggI46AdIM1gEaCCIAQGYAS24AQfIAQzYAQHoAQGIAgGoAgO4Aua9m6wGwAIB0gIkZTRkMGZhZTgtMzNkMS00YjM4LWI3ZmYtYTMzMWQ3Yzk4MTA32AIF4AIB&sid=bb851cb4cede7a0550c68031704f5f89&aid=304142&ucfs=1&arphpl=1&checkin=2024-05-08&checkout=2024-05-09&dest_id=-663612&dest_type=city&group_adults=1&req_adults=1&no_rooms=1&group_children=0&req_children=0&hpos=19&hapos=19&sr_order=popularity&nflt=ht_id%3D204&srpvid=ec4998ceb059015f&srepoch=1703367840&all_sr_blocks=57841101_203730975_2_1_0&highlighted_blocks=57841101_203730975_2_1_0&matching_block_id=57841101_203730975_2_1_0&sr_pri_blocks=57841101_203730975_2_1_0__23000&from=searchresults#hotelTmpl;FALSE
Pousada Maracabana Spa;https://www.booking.com/hotel/br/pousada-maracabana.pt-br.html?label=gen173nr-1BCAEoggI46AdIM1gEaCCIAQGYAS24AQfIAQzYAQHoAQGIAgGoAgO4Aua9m6wGwAIB0gIkZTRkMGZhZTgtMzNkMS00YjM4LWI3ZmYtYTMzMWQ3Yzk4MTA32AIF4AIB&sid=bb851cb4cede7a0550c68031704f5f89&aid=304142&ucfs=1&arphpl=1&checkin=2024-05-08&checkout=2024-05-09&dest_id=-663612&dest_type=city&group_adults=1&req_adults=1&no_rooms=1&group_children=0&req_children=0&hpos=20&hapos=20&sr_order=popularity&nflt=ht_id%3D204&srpvid=ec4998ceb059015f&srepoch=1703367840&all_sr_blocks=36571915_351902939_2_1_0&highlighted_blocks=36571915_351902939_2_1_0&matching_block_id=36571915_351902939_2_1_0&sr_pri_blocks=36571915_351902939_2_1_0__39300&from=searchresults#hotelTmpl;FALSE
Pousada Pérola do Porto;https://www.booking.com/hotel/br/pousada-perola-do-porto.pt-br.html?label=gen173nr-1BCAEoggI46AdIM1gEaCCIAQGYAS24AQfIAQzYAQHoAQGIAgGoAgO4Aua9m6wGwAIB0gIkZTRkMGZhZTgtMzNkMS00YjM4LWI3ZmYtYTMzMWQ3Yzk4MTA32AIF4AIB&sid=bb851cb4cede7a0550c68031704f5f89&aid=304142&ucfs=1&arphpl=1&checkin=2024-05-08&checkout=2024-05-09&dest_id=-663612&dest_type=city&group_adults=1&req_adults=1&no_rooms=1&group_children=0&req_children=0&hpos=21&hapos=21&sr_order=popularity&nflt=ht_id%3D204&srpvid=ec4998ceb059015f&srepoch=1703367840&all_sr_blocks=29958107_91919708_2_1_0&highlighted_blocks=29958107_91919708_2_1_0&matching_block_id=29958107_91919708_2_1_0&sr_pri_blocks=29958107_91919708_2_1_0__29450&from_sustainable_property_sr=1&from=searchresults#hotelTmpl;FALSE
Pousada Liras da Poesia;https://www.booking.com/hotel/br/hostel-a-casa-branca.pt-br.html?label=gen173nr-1BCAEoggI46AdIM1gEaCCIAQGYAS24AQfIAQzYAQHoAQGIAgGoAgO4Aua9m6wGwAIB0gIkZTRkMGZhZTgtMzNkMS00YjM4LWI3ZmYtYTMzMWQ3Yzk4MTA32AIF4AIB&sid=bb851cb4cede7a0550c68031704f5f89&aid=304142&ucfs=1&arphpl=1&checkin=2024-05-08&checkout=2024-05-09&dest_id=-663612&dest_type=city&group_adults=1&req_adults=1&no_rooms=1&group_children=0&req_children=0&hpos=22&hapos=22&sr_order=popularity&nflt=ht_id%3D204&srpvid=ec4998ceb059015f&srepoch=1703367840&all_sr_blocks=35096601_182356768_2_1_0&highlighted_blocks=35096601_182356768_2_1_0&matching_block_id=35096601_182356768_2_1_0&sr_pri_blocks=35096601_182356768_2_1_0__19000&from=searchresults#hotelTmpl;FALSE
Pousada Brisa Costeira Porto FP;https://www.booking.com/hotel/br/pousada-brisas-costeira-porto-fp.pt-br.html?label=gen173nr-1BCAEoggI46AdIM1gEaCCIAQGYAS24AQfIAQzYAQHoAQGIAgGoAgO4Aua9m6wGwAIB0gIkZTRkMGZhZTgtMzNkMS00YjM4LWI3ZmYtYTMzMWQ3Yzk4MTA32AIF4AIB&sid=bb851cb4cede7a0550c68031704f5f89&aid=304142&ucfs=1&arphpl=1&checkin=2024-05-08&checkout=2024-05-09&dest_id=-663612&dest_type=city&group_adults=1&req_adults=1&no_rooms=1&group_children=0&req_children=0&hpos=23&hapos=23&sr_order=popularity&nflt=ht_id%3D204&srpvid=ec4998ceb059015f&srepoch=1703367840&all_sr_blocks=1088588001_381780906_2_1_0&highlighted_blocks=1088588001_381780906_2_1_0&matching_block_id=1088588001_381780906_2_1_0&sr_pri_blocks=1088588001_381780906_2_1_0__12150&from_sustainable_property_sr=1&from=searchresults#hotelTmpl;FALSE
Pousada Brasileira;https://www.booking.com/hotel/br/pousada-brasileira-porto-de-galinhas.pt-br.html?label=gen173nr-1BCAEoggI46AdIM1gEaCCIAQGYAS24AQfIAQzYAQHoAQGIAgGoAgO4Aua9m6wGwAIB0gIkZTRkMGZhZTgtMzNkMS00YjM4LWI3ZmYtYTMzMWQ3Yzk4MTA32AIF4AIB&sid=bb851cb4cede7a0550c68031704f5f89&aid=304142&ucfs=1&arphpl=1&checkin=2024-05-08&checkout=2024-05-09&dest_id=-663612&dest_type=city&group_adults=1&req_adults=1&no_rooms=1&group_children=0&req_children=0&hpos=24&hapos=24&sr_order=popularity&nflt=ht_id%3D204&srpvid=ec4998ceb059015f&srepoch=1703367840&all_sr_blocks=115364203_354400236_2_1_0&highlighted_blocks=115364203_354400236_2_1_0&matching_block_id=115364203_354400236_2_1_0&sr_pri_blocks=115364203_354400236_2_1_0__26000&from=searchresults#hotelTmpl;FALSE
Pousada Maresia Unique Beira Mar;https://www.booking.com/hotel/br/maresia-unique.pt-br.html?label=gen173nr-1BCAEoggI46AdIM1gEaCCIAQGYAS24AQfIAQzYAQHoAQGIAgGoAgO4Aua9m6wGwAIB0gIkZTRkMGZhZTgtMzNkMS00YjM4LWI3ZmYtYTMzMWQ3Yzk4MTA32AIF4AIB&sid=bb851cb4cede7a0550c68031704f5f89&aid=304142&ucfs=1&arphpl=1&checkin=2024-05-08&checkout=2024-05-09&dest_id=-663612&dest_type=city&group_adults=1&req_adults=1&no_rooms=1&group_children=0&req_children=0&hpos=25&hapos=25&sr_order=popularity&nflt=ht_id%3D204&srpvid=ec4998ceb059015f&srepoch=1703367840&all_sr_blocks=615112202_246849958_2_1_0&highlighted_blocks=615112202_246849958_2_1_0&matching_block_id=615112202_246849958_2_1_0&sr_pri_blocks=615112202_246849958_2_1_0__24930&from_sustainable_property_sr=1&from=searchresults#hotelTmpl;FALSE
Pousada da Mônica;https://www.booking.com/hotel/br/pousada-da-monica-ipojuca.pt-br.html?label=gen173nr-1BCAEoggI46AdIM1gEaCCIAQGYAS24AQfIAQzYAQHoAQGIAgGoAgO4Aua9m6wGwAIB0gIkZTRkMGZhZTgtMzNkMS00YjM4LWI3ZmYtYTMzMWQ3Yzk4MTA32AIF4AIB&sid=bb851cb4cede7a0550c68031704f5f89&aid=304142&ucfs=1&arphpl=1&checkin=2024-05-08&checkout=2024-05-09&dest_id=-663612&dest_type=city&group_adults=1&req_adults=1&no_rooms=1&group_children=0&req_children=0&hpos=1&hapos=26&sr_order=popularity&nflt=ht_id%3D204&srpvid=ec4998ceb059015f&srepoch=1703367842&all_sr_blocks=292072602_373913282_2_1_0&highlighted_blocks=292072602_373913282_2_1_0&matching_block_id=292072602_373913282_2_1_0&sr_pri_blocks=292072602_373913282_2_1_0__13509&from_sustainable_property_sr=1&from=searchresults#hotelTmpl;FALSE
Portal Cores;https://www.booking.com/hotel/br/apartamento-cores.pt-br.html?label=gen173nr-1BCAEoggI46AdIM1gEaCCIAQGYAS24AQfIAQzYAQHoAQGIAgGoAgO4Aua9m6wGwAIB0gIkZTRkMGZhZTgtMzNkMS00YjM4LWI3ZmYtYTMzMWQ3Yzk4MTA32AIF4AIB&sid=bb851cb4cede7a0550c68031704f5f89&aid=304142&ucfs=1&arphpl=1&checkin=2024-05-08&checkout=2024-05-09&dest_id=-663612&dest_type=city&group_adults=1&req_adults=1&no_rooms=1&group_children=0&req_children=0&hpos=2&hapos=27&sr_order=popularity&nflt=ht_id%3D204&srpvid=ec4998ceb059015f&srepoch=1703367842&all_sr_blocks=799165306_340792143_2_1_0&highlighted_blocks=799165306_340792143_2_1_0&matching_block_id=799165306_340792143_2_1_0&sr_pri_blocks=799165306_340792143_2_1_0__14000&from=searchresults#hotelTmpl;FALSE
Pousada Uba-Rio Porto de Galinhas;https://www.booking.com/hotel/br/pousada-uba-rio.pt-br.html?label=gen173nr-1BCAEoggI46AdIM1gEaCCIAQGYAS24AQfIAQzYAQHoAQGIAgGoAgO4Aua9m6wGwAIB0gIkZTRkMGZhZTgtMzNkMS00YjM4LWI3ZmYtYTMzMWQ3Yzk4MTA32AIF4AIB&sid=bb851cb4cede7a0550c68031704f5f89&aid=304142&ucfs=1&arphpl=1&checkin=2024-05-08&checkout=2024-05-09&dest_id=-663612&dest_type=city&group_adults=1&req_adults=1&no_rooms=1&group_children=0&req_children=0&hpos=3&hapos=28&sr_order=popularity&nflt=ht_id%3D204&srpvid=ec4998ceb059015f&srepoch=1703367842&all_sr_blocks=157905501_375345761_1_1_0&highlighted_blocks=157905501_375345761_1_1_0&matching_block_id=157905501_375345761_1_1_0&sr_pri_blocks=157905501_375345761_1_1_0__19800&from=searchresults#hotelTmpl;FALSE
Pousada Sal e Mar Maracaipe;https://www.booking.com/hotel/br/pousada-sal-e-mar-maracaipe.pt-br.html?label=gen173nr-1BCAEoggI46AdIM1gEaCCIAQGYAS24AQfIAQzYAQHoAQGIAgGoAgO4Aua9m6wGwAIB0gIkZTRkMGZhZTgtMzNkMS00YjM4LWI3ZmYtYTMzMWQ3Yzk4MTA32AIF4AIB&sid=bb851cb4cede7a0550c68031704f5f89&aid=304142&ucfs=1&arphpl=1&checkin=2024-05-08&checkout=2024-05-09&dest_id=-663612&dest_type=city&group_adults=1&req_adults=1&no_rooms=1&group_children=0&req_children=0&hpos=4&hapos=29&sr_order=popularity&nflt=ht_id%3D204&srpvid=ec4998ceb059015f&srepoch=1703367842&all_sr_blocks=267321301_105781343_2_1_0&highlighted_blocks=267321301_105781343_2_1_0&matching_block_id=267321301_105781343_2_1_0&sr_pri_blocks=267321301_105781343_2_1_0__19000&from=searchresults#hotelTmpl;FALSE
Pousada Maraoka;https://www.booking.com/hotel/br/pousada-maraoka.pt-br.html?label=gen173nr-1BCAEoggI46AdIM1gEaCCIAQGYAS24AQfIAQzYAQHoAQGIAgGoAgO4Aua9m6wGwAIB0gIkZTRkMGZhZTgtMzNkMS00YjM4LWI3ZmYtYTMzMWQ3Yzk4MTA32AIF4AIB&sid=bb851cb4cede7a0550c68031704f5f89&aid=304142&ucfs=1&arphpl=1&checkin=2024-05-08&checkout=2024-05-09&dest_id=-663612&dest_type=city&group_adults=1&req_adults=1&no_rooms=1&group_children=0&req_children=0&hpos=5&hapos=30&sr_order=popularity&nflt=ht_id%3D204&srpvid=ec4998ceb059015f&srepoch=1703367842&all_sr_blocks=282300501_107332552_2_1_0&highlighted_blocks=282300501_107332552_2_1_0&matching_block_id=282300501_107332552_2_1_0&sr_pri_blocks=282300501_107332552_2_1_0__42200&from=searchresults#hotelTmpl;FALSE
Pousada Casamar;https://www.booking.com/hotel/br/pousada-casamar.pt-br.html?label=gen173nr-1BCAEoggI46AdIM1gEaCCIAQGYAS24AQfIAQzYAQHoAQGIAgGoAgO4Aua9m6wGwAIB0gIkZTRkMGZhZTgtMzNkMS00YjM4LWI3ZmYtYTMzMWQ3Yzk4MTA32AIF4AIB&sid=bb851cb4cede7a0550c68031704f5f89&aid=304142&ucfs=1&arphpl=1&checkin=2024-05-08&checkout=2024-05-09&dest_id=-663612&dest_type=city&group_adults=1&req_adults=1&no_rooms=1&group_children=0&req_children=0&hpos=6&hapos=31&sr_order=popularity&nflt=ht_id%3D204&srpvid=ec4998ceb059015f&srepoch=1703367842&all_sr_blocks=31103605_380495825_0_1_0&highlighted_blocks=31103605_380495825_0_1_0&matching_block_id=31103605_380495825_0_1_0&sr_pri_blocks=31103605_380495825_0_1_0__27000&from=searchresults#hotelTmpl;FALSE
Pousada Mananauê Beach;https://www.booking.com/hotel/br/pousada-mananaue.pt-br.html?label=gen173nr-1BCAEoggI46AdIM1gEaCCIAQGYAS24AQfIAQzYAQHoAQGIAgGoAgO4Aua9m6wGwAIB0gIkZTRkMGZhZTgtMzNkMS00YjM4LWI3ZmYtYTMzMWQ3Yzk4MTA32AIF4AIB&sid=bb851cb4cede7a0550c68031704f5f89&aid=304142&ucfs=1&arphpl=1&checkin=2024-05-08&checkout=2024-05-09&dest_id=-663612&dest_type=city&group_adults=1&req_adults=1&no_rooms=1&group_children=0&req_children=0&hpos=7&hapos=32&sr_order=popularity&nflt=ht_id%3D204&srpvid=ec4998ceb059015f&srepoch=1703367842&all_sr_blocks=435922701_285653231_2_1_0&highlighted_blocks=435922701_285653231_2_1_0&matching_block_id=435922701_285653231_2_1_0&sr_pri_blocks=435922701_285653231_2_1_0__24000&from=searchresults#hotelTmpl;FALSE
Pousada Pedras do Porto;https://www.booking.com/hotel/br/pousada-pedras-do-porto.pt-br.html?label=gen173nr-1BCAEoggI46AdIM1gEaCCIAQGYAS24AQfIAQzYAQHoAQGIAgGoAgO4Aua9m6wGwAIB0gIkZTRkMGZhZTgtMzNkMS00YjM4LWI3ZmYtYTMzMWQ3Yzk4MTA32AIF4AIB&sid=bb851cb4cede7a0550c68031704f5f89&aid=304142&ucfs=1&arphpl=1&checkin=2024-05-08&checkout=2024-05-09&dest_id=-663612&dest_type=city&group_adults=1&req_adults=1&no_rooms=1&group_children=0&req_children=0&hpos=8&hapos=33&sr_order=popularity&nflt=ht_id%3D204&srpvid=ec4998ceb059015f&srepoch=1703367842&all_sr_blocks=29011705_333891763_0_1_0&highlighted_blocks=29011705_333891763_0_1_0&matching_block_id=29011705_333891763_0_1_0&sr_pri_blocks=29011705_333891763_0_1_0__18252&from=searchresults#hotelTmpl;FALSE
Pousada Aconchego do Porto;https://www.booking.com/hotel/br/pousada-aconchego-do-porto.pt-br.html?label=gen173nr-1BCAEoggI46AdIM1gEaCCIAQGYAS24AQfIAQzYAQHoAQGIAgGoAgO4Aua9m6wGwAIB0gIkZTRkMGZhZTgtMzNkMS00YjM4LWI3ZmYtYTMzMWQ3Yzk4MTA32AIF4AIB&sid=bb851cb4cede7a0550c68031704f5f89&aid=304142&ucfs=1&arphpl=1&checkin=2024-05-08&checkout=2024-05-09&dest_id=-663612&dest_type=city&group_adults=1&req_adults=1&no_rooms=1&group_children=0&req_children=0&hpos=9&hapos=34&sr_order=popularity&nflt=ht_id%3D204&srpvid=ec4998ceb059015f&srepoch=1703367842&all_sr_blocks=70739302_125093079_2_1_0&highlighted_blocks=70739302_125093079_2_1_0&matching_block_id=70739302_125093079_2_1_0&sr_pri_blocks=70739302_125093079_2_1_0__22500&from=searchresults#hotelTmpl;FALSE
Pousada Xalés de Maracaípe;https://www.booking.com/hotel/br/xales-de-maracaipe.pt-br.html?label=gen173nr-1BCAEoggI46AdIM1gEaCCIAQGYAS24AQfIAQzYAQHoAQGIAgGoAgO4Aua9m6wGwAIB0gIkZTRkMGZhZTgtMzNkMS00YjM4LWI3ZmYtYTMzMWQ3Yzk4MTA32AIF4AIB&sid=bb851cb4cede7a0550c68031704f5f89&aid=304142&ucfs=1&arphpl=1&checkin=2024-05-08&checkout=2024-05-09&dest_id=-663612&dest_type=city&group_adults=1&req_adults=1&no_rooms=1&group_children=0&req_children=0&hpos=10&hapos=35&sr_order=popularity&nflt=ht_id%3D204&srpvid=ec4998ceb059015f&srepoch=1703367842&all_sr_blocks=29954812_272857954_2_1_0&highlighted_blocks=29954812_272857954_2_1_0&matching_block_id=29954812_272857954_2_1_0&sr_pri_blocks=29954812_272857954_2_1_0__51648&from_sustainable_property_sr=1&from=searchresults#hotelTmpl;FALSE
Pousada Flor de Maraca;https://www.booking.com/hotel/br/hostel-maracabana-boutique.pt-br.html?label=gen173nr-1BCAEoggI46AdIM1gEaCCIAQGYAS24AQfIAQzYAQHoAQGIAgGoAgO4Aua9m6wGwAIB0gIkZTRkMGZhZTgtMzNkMS00YjM4LWI3ZmYtYTMzMWQ3Yzk4MTA32AIF4AIB&sid=bb851cb4cede7a0550c68031704f5f89&aid=304142&ucfs=1&arphpl=1&checkin=2024-05-08&checkout=2024-05-09&dest_id=-663612&dest_type=city&group_adults=1&req_adults=1&no_rooms=1&group_children=0&req_children=0&hpos=11&hapos=36&sr_order=popularity&nflt=ht_id%3D204&srpvid=ec4998ceb059015f&srepoch=1703367842&all_sr_blocks=47048608_185005681_2_1_0&highlighted_blocks=47048608_185005681_2_1_0&matching_block_id=47048608_185005681_2_1_0&sr_pri_blocks=47048608_185005681_2_1_0__23993&from_sustainable_property_sr=1&from=searchresults#hotelTmpl;FALSE
Pousada Sky Beach Flat;https://www.booking.com/hotel/br/pousada-sky-beach-flat.pt-br.html?label=gen173nr-1BCAEoggI46AdIM1gEaCCIAQGYAS24AQfIAQzYAQHoAQGIAgGoAgO4Aua9m6wGwAIB0gIkZTRkMGZhZTgtMzNkMS00YjM4LWI3ZmYtYTMzMWQ3Yzk4MTA32AIF4AIB&sid=bb851cb4cede7a0550c68031704f5f89&aid=304142&ucfs=1&arphpl=1&checkin=2024-05-08&checkout=2024-05-09&dest_id=-663612&dest_type=city&group_adults=1&req_adults=1&no_rooms=1&group_children=0&req_children=0&hpos=12&hapos=37&sr_order=popularity&nflt=ht_id%3D204&srpvid=ec4998ceb059015f&srepoch=1703367842&all_sr_blocks=155260104_335379926_2_1_0&highlighted_blocks=155260104_335379926_2_1_0&matching_block_id=155260104_335379926_2_1_0&sr_pri_blocks=155260104_335379926_2_1_0__31050&from_sustainable_property_sr=1&from=searchresults#hotelTmpl;FALSE
Paranambuca Pousada;https://www.booking.com/hotel/br/paranambuca-pousada.pt-br.html?label=gen173nr-1BCAEoggI46AdIM1gEaCCIAQGYAS24AQfIAQzYAQHoAQGIAgGoAgO4Aua9m6wGwAIB0gIkZTRkMGZhZTgtMzNkMS00YjM4LWI3ZmYtYTMzMWQ3Yzk4MTA32AIF4AIB&sid=bb851cb4cede7a0550c68031704f5f89&aid=304142&ucfs=1&arphpl=1&checkin=2024-05-08&checkout=2024-05-09&dest_id=-663612&dest_type=city&group_adults=1&req_adults=1&no_rooms=1&group_children=0&req_children=0&hpos=13&hapos=38&sr_order=popularity&nflt=ht_id%3D204&srpvid=ec4998ceb059015f&srepoch=1703367842&all_sr_blocks=35014701_164371378_2_1_0&highlighted_blocks=35014701_164371378_2_1_0&matching_block_id=35014701_164371378_2_1_0&sr_pri_blocks=35014701_164371378_2_1_0__26910&from_sustainable_property_sr=1&from=searchresults#hotelTmpl;FALSE
Pousada Recanto do Amanhecer;https://www.booking.com/hotel/br/pousada-recanto-do-amanhecer-porto-de-galinhas.pt-br.html?label=gen173nr-1BCAEoggI46AdIM1gEaCCIAQGYAS24AQfIAQzYAQHoAQGIAgGoAgO4Aua9m6wGwAIB0gIkZTRkMGZhZTgtMzNkMS00YjM4LWI3ZmYtYTMzMWQ3Yzk4MTA32AIF4AIB&sid=bb851cb4cede7a0550c68031704f5f89&aid=304142&ucfs=1&arphpl=1&checkin=2024-05-08&checkout=2024-05-09&dest_id=-663612&dest_type=city&group_adults=1&req_adults=1&no_rooms=1&group_children=0&req_children=0&hpos=14&hapos=39&sr_order=popularity&nflt=ht_id%3D204&srpvid=ec4998ceb059015f&srepoch=1703367842&all_sr_blocks=100514204_378709702_2_1_0&highlighted_blocks=100514204_378709702_2_1_0&matching_block_id=100514204_378709702_2_1_0&sr_pri_blocks=100514204_378709702_2_1_0__22000&from=searchresults#hotelTmpl;FALSE
Pousada Recanto da Preguiça;https://www.booking.com/hotel/br/pousada-recanto-da-preguiassa.pt-br.html?label=gen173nr-1BCAEoggI46AdIM1gEaCCIAQGYAS24AQfIAQzYAQHoAQGIAgGoAgO4Aua9m6wGwAIB0gIkZTRkMGZhZTgtMzNkMS00YjM4LWI3ZmYtYTMzMWQ3Yzk4MTA32AIF4AIB&sid=bb851cb4cede7a0550c68031704f5f89&aid=304142&ucfs=1&arphpl=1&checkin=2024-05-08&checkout=2024-05-09&dest_id=-663612&dest_type=city&group_adults=1&req_adults=1&no_rooms=1&group_children=0&req_children=0&hpos=15&hapos=40&sr_order=popularity&nflt=ht_id%3D204&srpvid=ec4998ceb059015f&srepoch=1703367842&all_sr_blocks=35813201_335352727_2_1_0&highlighted_blocks=35813201_335352727_2_1_0&matching_block_id=35813201_335352727_2_1_0&sr_pri_blocks=35813201_335352727_2_1_0__17500&from=searchresults#hotelTmpl;FALSE
Porto Beach Resort - Marulhos;https://www.booking.com/hotel/br/flats-porto-beach.pt-br.html?label=gen173nr-1BCAEoggI46AdIM1gEaCCIAQGYAS24AQfIAQzYAQHoAQGIAgGoAgO4Aua9m6wGwAIB0gIkZTRkMGZhZTgtMzNkMS00YjM4LWI3ZmYtYTMzMWQ3Yzk4MTA32AIF4AIB&sid=bb851cb4cede7a0550c68031704f5f89&aid=304142&ucfs=1&arphpl=1&checkin=2024-05-08&checkout=2024-05-09&dest_id=-663612&dest_type=city&group_adults=1&req_adults=1&no_rooms=1&group_children=0&req_children=0&hpos=16&hapos=41&sr_order=popularity&nflt=ht_id%3D204&srpvid=ec4998ceb059015f&srepoch=1703367842&all_sr_blocks=107469801_377814629_2_42_0&highlighted_blocks=107469801_377814629_2_42_0&matching_block_id=107469801_377814629_2_42_0&sr_pri_blocks=107469801_377814629_2_42_0__47900&from_sustainable_property_sr=1&from=searchresults#hotelTmpl;FALSE
Baía Branca Porto de Galinhas;https://www.booking.com/hotel/br/baia-branca-porto-de-galinhas.pt-br.html?label=gen173nr-1BCAEoggI46AdIM1gEaCCIAQGYAS24AQfIAQzYAQHoAQGIAgGoAgO4Aua9m6wGwAIB0gIkZTRkMGZhZTgtMzNkMS00YjM4LWI3ZmYtYTMzMWQ3Yzk4MTA32AIF4AIB&sid=bb851cb4cede7a0550c68031704f5f89&aid=304142&ucfs=1&arphpl=1&checkin=2024-05-08&checkout=2024-05-09&dest_id=-663612&dest_type=city&group_adults=1&req_adults=1&no_rooms=1&group_children=0&req_children=0&hpos=17&hapos=42&sr_order=popularity&nflt=ht_id%3D204&srpvid=ec4998ceb059015f&srepoch=1703367842&all_sr_blocks=274748603_149644978_0_1_0&highlighted_blocks=274748603_149644978_0_1_0&matching_block_id=274748603_149644978_0_1_0&sr_pri_blocks=274748603_149644978_0_1_0__50000&from=searchresults#hotelTmpl;FALSE
Pousada Praiana;https://www.booking.com/hotel/br/suites-praiana.pt-br.html?label=gen173nr-1BCAEoggI46AdIM1gEaCCIAQGYAS24AQfIAQzYAQHoAQGIAgGoAgO4Aua9m6wGwAIB0gIkZTRkMGZhZTgtMzNkMS00YjM4LWI3ZmYtYTMzMWQ3Yzk4MTA32AIF4AIB&sid=bb851cb4cede7a0550c68031704f5f89&aid=304142&ucfs=1&arphpl=1&checkin=2024-05-08&checkout=2024-05-09&dest_id=-663612&dest_type=city&group_adults=1&req_adults=1&no_rooms=1&group_children=0&req_children=0&hpos=18&hapos=43&sr_order=popularity&nflt=ht_id%3D204&srpvid=ec4998ceb059015f&srepoch=1703367842&all_sr_blocks=696643101_287469273_0_1_0&highlighted_blocks=696643101_287469273_0_1_0&matching_block_id=696643101_287469273_0_1_0&sr_pri_blocks=696643101_287469273_0_1_0__46260&from_sustainable_property_sr=1&from=searchresults#hotelTmpl;FALSE
Pousada Casa Colorida;https://www.booking.com/hotel/br/pousada-casa-colorida.pt-br.html?label=gen173nr-1BCAEoggI46AdIM1gEaCCIAQGYAS24AQfIAQzYAQHoAQGIAgGoAgO4Aua9m6wGwAIB0gIkZTRkMGZhZTgtMzNkMS00YjM4LWI3ZmYtYTMzMWQ3Yzk4MTA32AIF4AIB&sid=bb851cb4cede7a0550c68031704f5f89&aid=304142&ucfs=1&arphpl=1&checkin=2024-05-08&checkout=2024-05-09&dest_id=-663612&dest_type=city&group_adults=1&req_adults=1&no_rooms=1&group_children=0&req_children=0&hpos=19&hapos=44&sr_order=popularity&nflt=ht_id%3D204&srpvid=ec4998ceb059015f&srepoch=1703367842&all_sr_blocks=87492704_186660049_0_1_0&highlighted_blocks=87492704_186660049_0_1_0&matching_block_id=87492704_186660049_0_1_0&sr_pri_blocks=87492704_186660049_0_1_0__20000&from=searchresults#hotelTmpl;FALSE
Beach Class Muro Alto Condomínio Resort - New Time;https://www.booking.com/hotel/br/beach-class-muro-alto-resort-ipojuca1234.pt-br.html?label=gen173nr-1BCAEoggI46AdIM1gEaCCIAQGYAS24AQfIAQzYAQHoAQGIAgGoAgO4Aua9m6wGwAIB0gIkZTRkMGZhZTgtMzNkMS00YjM4LWI3ZmYtYTMzMWQ3Yzk4MTA32AIF4AIB&sid=bb851cb4cede7a0550c68031704f5f89&aid=304142&ucfs=1&arphpl=1&checkin=2024-05-08&checkout=2024-05-09&dest_id=-663612&dest_type=city&group_adults=1&req_adults=1&no_rooms=1&group_children=0&req_children=0&hpos=20&hapos=45&sr_order=popularity&nflt=ht_id%3D204&srpvid=ec4998ceb059015f&srepoch=1703367842&all_sr_blocks=721749404_355677654_3_42_0&highlighted_blocks=721749404_355677654_3_42_0&matching_block_id=721749404_355677654_3_42_0&sr_pri_blocks=721749404_355677654_3_42_0__34680&from=searchresults#hotelTmpl;FALSE
Hotel Pousada WS;https://www.booking.com/hotel/br/apartamento-ws-01-a-10-ipojuca.pt-br.html?label=gen173nr-1BCAEoggI46AdIM1gEaCCIAQGYAS24AQfIAQzYAQHoAQGIAgGoAgO4Aua9m6wGwAIB0gIkZTRkMGZhZTgtMzNkMS00YjM4LWI3ZmYtYTMzMWQ3Yzk4MTA32AIF4AIB&sid=bb851cb4cede7a0550c68031704f5f89&aid=304142&ucfs=1&arphpl=1&checkin=2024-05-08&checkout=2024-05-09&dest_id=-663612&dest_type=city&group_adults=1&req_adults=1&no_rooms=1&group_children=0&req_children=0&hpos=21&hapos=46&sr_order=popularity&nflt=ht_id%3D204&srpvid=ec4998ceb059015f&srepoch=1703367842&all_sr_blocks=694917602_348615134_3_1_0&highlighted_blocks=694917602_348615134_3_1_0&matching_block_id=694917602_348615134_3_1_0&sr_pri_blocks=694917602_348615134_3_1_0__18000&from_sustainable_property_sr=1&from=searchresults#hotelTmpl;FALSE
Pousada Maanaim Porto;https://www.booking.com/hotel/br/pousada-maanaim-porto.pt-br.html?label=gen173nr-1BCAEoggI46AdIM1gEaCCIAQGYAS24AQfIAQzYAQHoAQGIAgGoAgO4Aua9m6wGwAIB0gIkZTRkMGZhZTgtMzNkMS00YjM4LWI3ZmYtYTMzMWQ3Yzk4MTA32AIF4AIB&sid=bb851cb4cede7a0550c68031704f5f89&aid=304142&ucfs=1&arphpl=1&checkin=2024-05-08&checkout=2024-05-09&dest_id=-663612&dest_type=city&group_adults=1&req_adults=1&no_rooms=1&group_children=0&req_children=0&hpos=22&hapos=47&sr_order=popularity&nflt=ht_id%3D204&srpvid=ec4998ceb059015f&srepoch=1703367842&all_sr_blocks=704910304_295681294_2_1_0&highlighted_blocks=704910304_295681294_2_1_0&matching_block_id=704910304_295681294_2_1_0&sr_pri_blocks=704910304_295681294_2_1_0__29500&from_sustainable_property_sr=1&from=searchresults#hotelTmpl;FALSE
Pousada Quatro Estações;https://www.booking.com/hotel/br/pousada-quatro-estaassaues-porto-de-galinhas.pt-br.html?label=gen173nr-1BCAEoggI46AdIM1gEaCCIAQGYAS24AQfIAQzYAQHoAQGIAgGoAgO4Aua9m6wGwAIB0gIkZTRkMGZhZTgtMzNkMS00YjM4LWI3ZmYtYTMzMWQ3Yzk4MTA32AIF4AIB&sid=bb851cb4cede7a0550c68031704f5f89&aid=304142&ucfs=1&arphpl=1&checkin=2024-05-08&checkout=2024-05-09&dest_id=-663612&dest_type=city&group_adults=1&req_adults=1&no_rooms=1&group_children=0&req_children=0&hpos=23&hapos=48&sr_order=popularity&nflt=ht_id%3D204&srpvid=ec4998ceb059015f&srepoch=1703367842&all_sr_blocks=34686901_203766835_0_33_0&highlighted_blocks=34686901_203766835_0_33_0&matching_block_id=34686901_203766835_0_33_0&sr_pri_blocks=34686901_203766835_0_33_0__51900&from_sustainable_property_sr=1&from=searchresults#hotelTmpl;FALSE
Pousada Recanto do Porto;https://www.booking.com/hotel/br/pousada-recanto-do-porto.pt-br.html?label=gen173nr-1BCAEoggI46AdIM1gEaCCIAQGYAS24AQfIAQzYAQHoAQGIAgGoAgO4Aua9m6wGwAIB0gIkZTRkMGZhZTgtMzNkMS00YjM4LWI3ZmYtYTMzMWQ3Yzk4MTA32AIF4AIB&sid=bb851cb4cede7a0550c68031704f5f89&aid=304142&ucfs=1&arphpl=1&checkin=2024-05-08&checkout=2024-05-09&dest_id=-663612&dest_type=city&group_adults=1&req_adults=1&no_rooms=1&group_children=0&req_children=0&hpos=24&hapos=49&sr_order=popularity&nflt=ht_id%3D204&srpvid=ec4998ceb059015f&srepoch=1703367842&all_sr_blocks=117390612_370942286_2_1_0&highlighted_blocks=117390612_370942286_2_1_0&matching_block_id=117390612_370942286_2_1_0&sr_pri_blocks=117390612_370942286_2_1_0__24700&from_sustainable_property_sr=1&from=searchresults#hotelTmpl;FALSE
Vila de Maré Hotel;https://www.booking.com/hotel/br/vila-de-mare.pt-br.html?label=gen173nr-1BCAEoggI46AdIM1gEaCCIAQGYAS24AQfIAQzYAQHoAQGIAgGoAgO4Aua9m6wGwAIB0gIkZTRkMGZhZTgtMzNkMS00YjM4LWI3ZmYtYTMzMWQ3Yzk4MTA32AIF4AIB&sid=bb851cb4cede7a0550c68031704f5f89&aid=304142&ucfs=1&arphpl=1&checkin=2024-05-08&checkout=2024-05-09&dest_id=-663612&dest_type=city&group_adults=1&req_adults=1&no_rooms=1&group_children=0&req_children=0&hpos=25&hapos=50&sr_order=popularity&nflt=ht_id%3D204&srpvid=ec4998ceb059015f&srepoch=1703367842&all_sr_blocks=691524201_367890438_2_1_0&highlighted_blocks=691524201_367890438_2_1_0&matching_block_id=691524201_367890438_2_1_0&sr_pri_blocks=691524201_367890438_2_1_0__27200&from_sustainable_property_sr=1&from=searchresults#hotelTmpl;FALSE
Pousada Popular Casa de Madeira;https://www.booking.com/hotel/br/pousada-hospedaria-casa-de-madeira.pt-br.html?label=gen173nr-1BCAEoggI46AdIM1gEaCCIAQGYAS24AQfIAQzYAQHoAQGIAgGoAgO4Aua9m6wGwAIB0gIkZTRkMGZhZTgtMzNkMS00YjM4LWI3ZmYtYTMzMWQ3Yzk4MTA32AIF4AIB&sid=bb851cb4cede7a0550c68031704f5f89&aid=304142&ucfs=1&arphpl=1&checkin=2024-05-08&checkout=2024-05-09&dest_id=-663612&dest_type=city&group_adults=1&req_adults=1&no_rooms=1&group_children=0&req_children=0&hpos=1&hapos=51&sr_order=popularity&nflt=ht_id%3D204&srpvid=ec4998ceb059015f&srepoch=1703367844&all_sr_blocks=110505904_335370221_2_1_0&highlighted_blocks=110505904_335370221_2_1_0&matching_block_id=110505904_335370221_2_1_0&sr_pri_blocks=110505904_335370221_2_1_0__9900&from=searchresults#hotelTmpl;FALSE
Pousada Beach Garden;https://www.booking.com/hotel/br/pousada-beach-garden-ipojuca.pt-br.html?label=gen173nr-1BCAEoggI46AdIM1gEaCCIAQGYAS24AQfIAQzYAQHoAQGIAgGoAgO4Aua9m6wGwAIB0gIkZTRkMGZhZTgtMzNkMS00YjM4LWI3ZmYtYTMzMWQ3Yzk4MTA32AIF4AIB&sid=bb851cb4cede7a0550c68031704f5f89&aid=304142&ucfs=1&arphpl=1&checkin=2024-05-08&checkout=2024-05-09&dest_id=-663612&dest_type=city&group_adults=1&req_adults=1&no_rooms=1&group_children=0&req_children=0&hpos=2&hapos=52&sr_order=popularity&nflt=ht_id%3D204&srpvid=ec4998ceb059015f&srepoch=1703367844&all_sr_blocks=965740601_384458068_1_1_0&highlighted_blocks=965740601_384458068_1_1_0&matching_block_id=965740601_384458068_1_1_0&sr_pri_blocks=965740601_384458068_1_1_0__23750&from=searchresults#hotelTmpl;FALSE
Pousada Praia de Porto;https://www.booking.com/hotel/br/chala-c-da-praia.pt-br.html?label=gen173nr-1BCAEoggI46AdIM1gEaCCIAQGYAS24AQfIAQzYAQHoAQGIAgGoAgO4Aua9m6wGwAIB0gIkZTRkMGZhZTgtMzNkMS00YjM4LWI3ZmYtYTMzMWQ3Yzk4MTA32AIF4AIB&sid=bb851cb4cede7a0550c68031704f5f89&aid=304142&ucfs=1&arphpl=1&checkin=2024-05-08&checkout=2024-05-09&dest_id=-663612&dest_type=city&group_adults=1&req_adults=1&no_rooms=1&group_children=0&req_children=0&hpos=3&hapos=53&sr_order=popularity&nflt=ht_id%3D204&srpvid=ec4998ceb059015f&srepoch=1703367844&all_sr_blocks=48723404_130185900_0_1_0&highlighted_blocks=48723404_130185900_0_1_0&matching_block_id=48723404_130185900_0_1_0&sr_pri_blocks=48723404_130185900_0_1_0__27750&from_sustainable_property_sr=1&from=searchresults#hotelTmpl;FALSE
Pousada Hibiscus;https://www.booking.com/hotel/br/chale-hibiscus.pt-br.html?label=gen173nr-1BCAEoggI46AdIM1gEaCCIAQGYAS24AQfIAQzYAQHoAQGIAgGoAgO4Aua9m6wGwAIB0gIkZTRkMGZhZTgtMzNkMS00YjM4LWI3ZmYtYTMzMWQ3Yzk4MTA32AIF4AIB&sid=bb851cb4cede7a0550c68031704f5f89&aid=304142&ucfs=1&arphpl=1&checkin=2024-05-08&checkout=2024-05-09&dest_id=-663612&dest_type=city&group_adults=1&req_adults=1&no_rooms=1&group_children=0&req_children=0&hpos=4&hapos=54&sr_order=popularity&nflt=ht_id%3D204&srpvid=ec4998ceb059015f&srepoch=1703367844&all_sr_blocks=305479503_278050544_0_1_0&highlighted_blocks=305479503_278050544_0_1_0&matching_block_id=305479503_278050544_0_1_0&sr_pri_blocks=305479503_278050544_0_1_0__27500&from_sustainable_property_sr=1&from=searchresults#hotelTmpl;FALSE
Pousada Amada Terra;https://www.booking.com/hotel/br/pousada-amada-terra.pt-br.html?label=gen173nr-1BCAEoggI46AdIM1gEaCCIAQGYAS24AQfIAQzYAQHoAQGIAgGoAgO4Aua9m6wGwAIB0gIkZTRkMGZhZTgtMzNkMS00YjM4LWI3ZmYtYTMzMWQ3Yzk4MTA32AIF4AIB&sid=bb851cb4cede7a0550c68031704f5f89&aid=304142&ucfs=1&arphpl=1&checkin=2024-05-08&checkout=2024-05-09&dest_id=-663612&dest_type=city&group_adults=1&req_adults=1&no_rooms=1&group_children=0&req_children=0&hpos=5&hapos=55&sr_order=popularity&nflt=ht_id%3D204&srpvid=ec4998ceb059015f&srepoch=1703367844&all_sr_blocks=947745001_367353153_2_1_0&highlighted_blocks=947745001_367353153_2_1_0&matching_block_id=947745001_367353153_2_1_0&sr_pri_blocks=947745001_367353153_2_1_0__40500&from=searchresults#hotelTmpl;FALSE
Pousada São Jorge;https://www.booking.com/hotel/br/pousada-sao-jorge-ipojuca.pt-br.html?label=gen173nr-1BCAEoggI46AdIM1gEaCCIAQGYAS24AQfIAQzYAQHoAQGIAgGoAgO4Aua9m6wGwAIB0gIkZTRkMGZhZTgtMzNkMS00YjM4LWI3ZmYtYTMzMWQ3Yzk4MTA32AIF4AIB&sid=bb851cb4cede7a0550c68031704f5f89&aid=304142&ucfs=1&arphpl=1&checkin=2024-05-08&checkout=2024-05-09&dest_id=-663612&dest_type=city&group_adults=1&req_adults=1&no_rooms=1&group_children=0&req_children=0&hpos=6&hapos=56&sr_order=popularity&nflt=ht_id%3D204&srpvid=ec4998ceb059015f&srepoch=1703367844&all_sr_blocks=40348504_188404738_0_1_0&highlighted_blocks=40348504_188404738_0_1_0&matching_block_id=40348504_188404738_0_1_0&sr_pri_blocks=40348504_188404738_0_1_0__28000&from=searchresults#hotelTmpl;FALSE
Porto de Galinhas Blue Sky;https://www.booking.com/hotel/br/blue-sky-residence.pt-br.html?label=gen173nr-1BCAEoggI46AdIM1gEaCCIAQGYAS24AQfIAQzYAQHoAQGIAgGoAgO4Aua9m6wGwAIB0gIkZTRkMGZhZTgtMzNkMS00YjM4LWI3ZmYtYTMzMWQ3Yzk4MTA32AIF4AIB&sid=bb851cb4cede7a0550c68031704f5f89&aid=304142&ucfs=1&arphpl=1&checkin=2024-05-08&checkout=2024-05-09&dest_id=-663612&dest_type=city&group_adults=1&req_adults=1&no_rooms=1&group_children=0&req_children=0&hpos=7&hapos=57&sr_order=popularity&nflt=ht_id%3D204&srpvid=ec4998ceb059015f&srepoch=1703367844&all_sr_blocks=279259307_245526835_2_0_0&highlighted_blocks=279259307_245526835_2_0_0&matching_block_id=279259307_245526835_2_0_0&sr_pri_blocks=279259307_245526835_2_0_0__28000&from=searchresults#hotelTmpl;FALSE
Pousada Marie Claire Flats;https://www.booking.com/hotel/br/marie-claire-porto-flats.pt-br.html?label=gen173nr-1BCAEoggI46AdIM1gEaCCIAQGYAS24AQfIAQzYAQHoAQGIAgGoAgO4Aua9m6wGwAIB0gIkZTRkMGZhZTgtMzNkMS00YjM4LWI3ZmYtYTMzMWQ3Yzk4MTA32AIF4AIB&sid=bb851cb4cede7a0550c68031704f5f89&aid=304142&ucfs=1&arphpl=1&checkin=2024-05-08&checkout=2024-05-09&dest_id=-663612&dest_type=city&group_adults=1&req_adults=1&no_rooms=1&group_children=0&req_children=0&hpos=8&hapos=58&sr_order=popularity&nflt=ht_id%3D204&srpvid=ec4998ceb059015f&srepoch=1703367844&all_sr_blocks=198667626_94030466_2_1_0&highlighted_blocks=198667626_94030466_2_1_0&matching_block_id=198667626_94030466_2_1_0&sr_pri_blocks=198667626_94030466_2_1_0__34791&from_sustainable_property_sr=1&from=searchresults#hotelTmpl;FALSE
Pousada Recanto da Coruja;https://www.booking.com/hotel/br/pousada-recanto-da-coruja.pt-br.html?label=gen173nr-1BCAEoggI46AdIM1gEaCCIAQGYAS24AQfIAQzYAQHoAQGIAgGoAgO4Aua9m6wGwAIB0gIkZTRkMGZhZTgtMzNkMS00YjM4LWI3ZmYtYTMzMWQ3Yzk4MTA32AIF4AIB&sid=bb851cb4cede7a0550c68031704f5f89&aid=304142&ucfs=1&arphpl=1&checkin=2024-05-08&checkout=2024-05-09&dest_id=-663612&dest_type=city&group_adults=1&req_adults=1&no_rooms=1&group_children=0&req_children=0&hpos=9&hapos=59&sr_order=popularity&nflt=ht_id%3D204&srpvid=ec4998ceb059015f&srepoch=1703367844&all_sr_blocks=26224601_127609123_2_1_0&highlighted_blocks=26224601_127609123_2_1_0&matching_block_id=26224601_127609123_2_1_0&sr_pri_blocks=26224601_127609123_2_1_0__38500&from=searchresults#hotelTmpl;FALSE
Porto de Galinhas Resort Marulhos;https://www.booking.com/hotel/br/porto-de-galinhas-resort-marulhos-porto-de-galinhas.pt-br.html?label=gen173nr-1BCAEoggI46AdIM1gEaCCIAQGYAS24AQfIAQzYAQHoAQGIAgGoAgO4Aua9m6wGwAIB0gIkZTRkMGZhZTgtMzNkMS00YjM4LWI3ZmYtYTMzMWQ3Yzk4MTA32AIF4AIB&sid=bb851cb4cede7a0550c68031704f5f89&aid=304142&ucfs=1&arphpl=1&checkin=2024-05-08&checkout=2024-05-09&dest_id=-663612&dest_type=city&group_adults=1&req_adults=1&no_rooms=1&group_children=0&req_children=0&hpos=10&hapos=60&sr_order=popularity&nflt=ht_id%3D204&srpvid=ec4998ceb059015f&srepoch=1703367844&all_sr_blocks=859746001_353792839_2_42_0&highlighted_blocks=859746001_353792839_2_42_0&matching_block_id=859746001_353792839_2_42_0&sr_pri_blocks=859746001_353792839_2_42_0__49350&from_sustainable_property_sr=1&from=searchresults#hotelTmpl;FALSE
Porto Palace Pousada;https://www.booking.com/hotel/br/porto-palace-pousada.pt-br.html?label=gen173nr-1BCAEoggI46AdIM1gEaCCIAQGYAS24AQfIAQzYAQHoAQGIAgGoAgO4Aua9m6wGwAIB0gIkZTRkMGZhZTgtMzNkMS00YjM4LWI3ZmYtYTMzMWQ3Yzk4MTA32AIF4AIB&sid=bb851cb4cede7a0550c68031704f5f89&aid=304142&ucfs=1&arphpl=1&checkin=2024-05-08&checkout=2024-05-09&dest_id=-663612&dest_type=city&group_adults=1&req_adults=1&no_rooms=1&group_children=0&req_children=0&hpos=11&hapos=61&sr_order=popularity&nflt=ht_id%3D204&srpvid=ec4998ceb059015f&srepoch=1703367844&all_sr_blocks=301831601_354400384_0_1_0&highlighted_blocks=301831601_354400384_0_1_0&matching_block_id=301831601_354400384_0_1_0&sr_pri_blocks=301831601_354400384_0_1_0__24000&from=searchresults#hotelTmpl;FALSE
Pousada Recifes de Corais;https://www.booking.com/hotel/br/pousada-recifes-de-corais.pt-br.html?label=gen173nr-1BCAEoggI46AdIM1gEaCCIAQGYAS24AQfIAQzYAQHoAQGIAgGoAgO4Aua9m6wGwAIB0gIkZTRkMGZhZTgtMzNkMS00YjM4LWI3ZmYtYTMzMWQ3Yzk4MTA32AIF4AIB&sid=bb851cb4cede7a0550c68031704f5f89&aid=304142&ucfs=1&arphpl=1&checkin=2024-05-08&checkout=2024-05-09&dest_id=-663612&dest_type=city&group_adults=1&req_adults=1&no_rooms=1&group_children=0&req_children=0&hpos=12&hapos=62&sr_order=popularity&nflt=ht_id%3D204&srpvid=ec4998ceb059015f&srepoch=1703367844&all_sr_blocks=116983201_208388734_2_1_0&highlighted_blocks=116983201_208388734_2_1_0&matching_block_id=116983201_208388734_2_1_0&sr_pri_blocks=116983201_208388734_2_1_0__32000&from=searchresults#hotelTmpl;FALSE
Pousada Atlantic;https://www.booking.com/hotel/br/pousada-atlantic.pt-br.html?label=gen173nr-1BCAEoggI46AdIM1gEaCCIAQGYAS24AQfIAQzYAQHoAQGIAgGoAgO4Aua9m6wGwAIB0gIkZTRkMGZhZTgtMzNkMS00YjM4LWI3ZmYtYTMzMWQ3Yzk4MTA32AIF4AIB&sid=bb851cb4cede7a0550c68031704f5f89&aid=304142&ucfs=1&arphpl=1&checkin=2024-05-08&checkout=2024-05-09&dest_id=-663612&dest_type=city&group_adults=1&req_adults=1&no_rooms=1&group_children=0&req_children=0&hpos=13&hapos=63&sr_order=popularity&nflt=ht_id%3D204&srpvid=ec4998ceb059015f&srepoch=1703367844&all_sr_blocks=957727001_368381935_2_1_0&highlighted_blocks=957727001_368381935_2_1_0&matching_block_id=957727001_368381935_2_1_0&sr_pri_blocks=957727001_368381935_2_1_0__30802&from_sustainable_property_sr=1&from=searchresults#hotelTmpl;FALSE
Pousada Carpe Diem - Apenas 6 suítes!;https://www.booking.com/hotel/br/pousada-carpe-diem-ipojuca.pt-br.html?label=gen173nr-1BCAEoggI46AdIM1gEaCCIAQGYAS24AQfIAQzYAQHoAQGIAgGoAgO4Aua9m6wGwAIB0gIkZTRkMGZhZTgtMzNkMS00YjM4LWI3ZmYtYTMzMWQ3Yzk4MTA32AIF4AIB&sid=bb851cb4cede7a0550c68031704f5f89&aid=304142&ucfs=1&arphpl=1&checkin=2024-05-08&checkout=2024-05-09&dest_id=-663612&dest_type=city&group_adults=1&req_adults=1&no_rooms=1&group_children=0&req_children=0&hpos=14&hapos=64&sr_order=popularity&nflt=ht_id%3D204&srpvid=ec4998ceb059015f&srepoch=1703367844&all_sr_blocks=395314401_377188008_1_1_0&highlighted_blocks=395314401_377188008_1_1_0&matching_block_id=395314401_377188008_1_1_0&sr_pri_blocks=395314401_377188008_1_1_0__28152&from_sustainable_property_sr=1&from=searchresults#hotelTmpl;FALSE
Pousada Recanto do Lobo;https://www.booking.com/hotel/br/pousada-recanto-do-lobo.pt-br.html?label=gen173nr-1BCAEoggI46AdIM1gEaCCIAQGYAS24AQfIAQzYAQHoAQGIAgGoAgO4Aua9m6wGwAIB0gIkZTRkMGZhZTgtMzNkMS00YjM4LWI3ZmYtYTMzMWQ3Yzk4MTA32AIF4AIB&sid=bb851cb4cede7a0550c68031704f5f89&aid=304142&ucfs=1&arphpl=1&checkin=2024-05-08&checkout=2024-05-09&dest_id=-663612&dest_type=city&group_adults=1&req_adults=1&no_rooms=1&group_children=0&req_children=0&hpos=15&hapos=65&sr_order=popularity&nflt=ht_id%3D204&srpvid=ec4998ceb059015f&srepoch=1703367844&all_sr_blocks=26226419_106768590_2_1_0&highlighted_blocks=26226419_106768590_2_1_0&matching_block_id=26226419_106768590_2_1_0&sr_pri_blocks=26226419_106768590_2_1_0__58410&from=searchresults#hotelTmpl;FALSE
Suites Sol & Mar;https://www.booking.com/hotel/br/suites-sol-amp-mar.pt-br.html?label=gen173nr-1BCAEoggI46AdIM1gEaCCIAQGYAS24AQfIAQzYAQHoAQGIAgGoAgO4Aua9m6wGwAIB0gIkZTRkMGZhZTgtMzNkMS00YjM4LWI3ZmYtYTMzMWQ3Yzk4MTA32AIF4AIB&sid=bb851cb4cede7a0550c68031704f5f89&aid=304142&ucfs=1&arphpl=1&checkin=2024-05-08&checkout=2024-05-09&dest_id=-663612&dest_type=city&group_adults=1&req_adults=1&no_rooms=1&group_children=0&req_children=0&hpos=16&hapos=66&sr_order=popularity&nflt=ht_id%3D204&srpvid=ec4998ceb059015f&srepoch=1703367844&all_sr_blocks=196247104_145363270_2_1_0&highlighted_blocks=196247104_145363270_2_1_0&matching_block_id=196247104_145363270_2_1_0&sr_pri_blocks=196247104_145363270_2_1_0__32760&from=searchresults#hotelTmpl;FALSE
Atlântico Sul Hotel;https://www.booking.com/hotel/br/pousada-atlantic-sul.pt-br.html?label=gen173nr-1BCAEoggI46AdIM1gEaCCIAQGYAS24AQfIAQzYAQHoAQGIAgGoAgO4Aua9m6wGwAIB0gIkZTRkMGZhZTgtMzNkMS00YjM4LWI3ZmYtYTMzMWQ3Yzk4MTA32AIF4AIB&sid=bb851cb4cede7a0550c68031704f5f89&aid=304142&ucfs=1&arphpl=1&checkin=2024-05-08&checkout=2024-05-09&dest_id=-663612&dest_type=city&group_adults=1&req_adults=1&no_rooms=1&group_children=0&req_children=0&hpos=17&hapos=67&sr_order=popularity&nflt=ht_id%3D204&srpvid=ec4998ceb059015f&srepoch=1703367844&all_sr_blocks=804255103_367890443_2_1_0&highlighted_blocks=804255103_367890443_2_1_0&matching_block_id=804255103_367890443_2_1_0&sr_pri_blocks=804255103_367890443_2_1_0__30400&from_sustainable_property_sr=1&from=searchresults#hotelTmpl;FALSE
Estação do Sol Praia Hotel;https://www.booking.com/hotel/br/estacao-do-sol-praia-hotel.pt-br.html?label=gen173nr-1BCAEoggI46AdIM1gEaCCIAQGYAS24AQfIAQzYAQHoAQGIAgGoAgO4Aua9m6wGwAIB0gIkZTRkMGZhZTgtMzNkMS00YjM4LWI3ZmYtYTMzMWQ3Yzk4MTA32AIF4AIB&sid=bb851cb4cede7a0550c68031704f5f89&aid=304142&ucfs=1&arphpl=1&checkin=2024-05-08&checkout=2024-05-09&dest_id=-663612&dest_type=city&group_adults=1&req_adults=1&no_rooms=1&group_children=0&req_children=0&hpos=18&hapos=68&sr_order=popularity&nflt=ht_id%3D204&srpvid=ec4998ceb059015f&srepoch=1703367844&all_sr_blocks=17534703_374814647_0_1_0&highlighted_blocks=17534703_374814647_0_1_0&matching_block_id=17534703_374814647_0_1_0&sr_pri_blocks=17534703_374814647_0_1_0__29520&from=searchresults#hotelTmpl;FALSE
Pousada Parador 081;https://www.booking.com/hotel/br/pousada-parador-081.pt-br.html?label=gen173nr-1BCAEoggI46AdIM1gEaCCIAQGYAS24AQfIAQzYAQHoAQGIAgGoAgO4Aua9m6wGwAIB0gIkZTRkMGZhZTgtMzNkMS00YjM4LWI3ZmYtYTMzMWQ3Yzk4MTA32AIF4AIB&sid=bb851cb4cede7a0550c68031704f5f89&aid=304142&ucfs=1&arphpl=1&checkin=2024-05-08&checkout=2024-05-09&dest_id=-663612&dest_type=city&group_adults=1&req_adults=1&no_rooms=1&group_children=0&req_children=0&hpos=19&hapos=69&sr_order=popularity&nflt=ht_id%3D204&srpvid=ec4998ceb059015f&srepoch=1703367844&all_sr_blocks=125106301_373909121_2_1_0&highlighted_blocks=125106301_373909121_2_1_0&matching_block_id=125106301_373909121_2_1_0&sr_pri_blocks=125106301_373909121_2_1_0__20862&from=searchresults#hotelTmpl;FALSE
Pousada Sossego Suítes;https://www.booking.com/hotel/br/rosangela-luis-de-oliveira.pt-br.html?label=gen173nr-1BCAEoggI46AdIM1gEaCCIAQGYAS24AQfIAQzYAQHoAQGIAgGoAgO4Aua9m6wGwAIB0gIkZTRkMGZhZTgtMzNkMS00YjM4LWI3ZmYtYTMzMWQ3Yzk4MTA32AIF4AIB&sid=bb851cb4cede7a0550c68031704f5f89&aid=304142&ucfs=1&arphpl=1&checkin=2024-05-08&checkout=2024-05-09&dest_id=-663612&dest_type=city&group_adults=1&req_adults=1&no_rooms=1&group_children=0&req_children=0&hpos=20&hapos=70&sr_order=popularity&nflt=ht_id%3D204&srpvid=ec4998ceb059015f&srepoch=1703367844&all_sr_blocks=59545703_93613387_2_1_0&highlighted_blocks=59545703_93613387_2_1_0&matching_block_id=59545703_93613387_2_1_0&sr_pri_blocks=59545703_93613387_2_1_0__13500&from=searchresults#hotelTmpl;FALSE
Mana Beach Muro Alto By BMS;https://www.booking.com/hotel/br/mana-beach-muro-alto-by-bms.pt-br.html?label=gen173nr-1BCAEoggI46AdIM1gEaCCIAQGYAS24AQfIAQzYAQHoAQGIAgGoAgO4Aua9m6wGwAIB0gIkZTRkMGZhZTgtMzNkMS00YjM4LWI3ZmYtYTMzMWQ3Yzk4MTA32AIF4AIB&sid=bb851cb4cede7a0550c68031704f5f89&aid=304142&ucfs=1&arphpl=1&checkin=2024-05-08&checkout=2024-05-09&dest_id=-663612&dest_type=city&group_adults=1&req_adults=1&no_rooms=1&group_children=0&req_children=0&hpos=21&hapos=71&sr_order=popularity&nflt=ht_id%3D204&srpvid=ec4998ceb059015f&srepoch=1703367844&all_sr_blocks=938974401_366147224_2_2_0&highlighted_blocks=938974401_366147224_2_2_0&matching_block_id=938974401_366147224_2_2_0&sr_pri_blocks=938974401_366147224_2_2_0__39900&from_sustainable_property_sr=1&from=searchresults#hotelTmpl;FALSE
Espaço Viana;https://www.booking.com/hotel/br/espaco-viana.pt-br.html?label=gen173nr-1BCAEoggI46AdIM1gEaCCIAQGYAS24AQfIAQzYAQHoAQGIAgGoAgO4Aua9m6wGwAIB0gIkZTRkMGZhZTgtMzNkMS00YjM4LWI3ZmYtYTMzMWQ3Yzk4MTA32AIF4AIB&sid=bb851cb4cede7a0550c68031704f5f89&aid=304142&ucfs=1&arphpl=1&checkin=2024-05-08&checkout=2024-05-09&dest_id=-663612&dest_type=city&group_adults=1&req_adults=1&no_rooms=1&group_children=0&req_children=0&hpos=22&hapos=72&sr_order=popularity&nflt=ht_id%3D204&srpvid=ec4998ceb059015f&srepoch=1703367844&all_sr_blocks=203860301_188405077_1_1_0&highlighted_blocks=203860301_188405077_1_1_0&matching_block_id=203860301_188405077_1_1_0&sr_pri_blocks=203860301_188405077_1_1_0__29000&from=searchresults#hotelTmpl;FALSE
Pousada Ouriço;https://www.booking.com/hotel/br/pousada-ouriasso.pt-br.html?label=gen173nr-1BCAEoggI46AdIM1gEaCCIAQGYAS24AQfIAQzYAQHoAQGIAgGoAgO4Aua9m6wGwAIB0gIkZTRkMGZhZTgtMzNkMS00YjM4LWI3ZmYtYTMzMWQ3Yzk4MTA32AIF4AIB&sid=bb851cb4cede7a0550c68031704f5f89&aid=304142&ucfs=1&arphpl=1&checkin=2024-05-08&checkout=2024-05-09&dest_id=-663612&dest_type=city&group_adults=1&req_adults=1&no_rooms=1&group_children=0&req_children=0&hpos=23&hapos=73&sr_order=popularity&nflt=ht_id%3D204&srpvid=ec4998ceb059015f&srepoch=1703367844&all_sr_blocks=71960902_190335339_2_1_0&highlighted_blocks=71960902_190335339_2_1_0&matching_block_id=71960902_190335339_2_1_0&sr_pri_blocks=71960902_190335339_2_1_0__29000&from=searchresults#hotelTmpl;FALSE
Pousada Beija Flores;https://www.booking.com/hotel/br/pousada-beija-flores.pt-br.html?label=gen173nr-1BCAEoggI46AdIM1gEaCCIAQGYAS24AQfIAQzYAQHoAQGIAgGoAgO4Aua9m6wGwAIB0gIkZTRkMGZhZTgtMzNkMS00YjM4LWI3ZmYtYTMzMWQ3Yzk4MTA32AIF4AIB&sid=bb851cb4cede7a0550c68031704f5f89&aid=304142&ucfs=1&arphpl=1&checkin=2024-05-08&checkout=2024-05-09&dest_id=-663612&dest_type=city&group_adults=1&req_adults=1&no_rooms=1&group_children=0&req_children=0&hpos=24&hapos=74&sr_order=popularity&nflt=ht_id%3D204&srpvid=ec4998ceb059015f&srepoch=1703367844&all_sr_blocks=35928102_377806340_3_1_0&highlighted_blocks=35928102_377806340_3_1_0&matching_block_id=35928102_377806340_3_1_0&sr_pri_blocks=35928102_377806340_3_1_0__35900&from_sustainable_property_sr=1&from=searchresults#hotelTmpl;FALSE
Pousada dos Coqueiros;https://www.booking.com/hotel/br/pousada-dos-coqueiros.pt-br.html?label=gen173nr-1BCAEoggI46AdIM1gEaCCIAQGYAS24AQfIAQzYAQHoAQGIAgGoAgO4Aua9m6wGwAIB0gIkZTRkMGZhZTgtMzNkMS00YjM4LWI3ZmYtYTMzMWQ3Yzk4MTA32AIF4AIB&sid=bb851cb4cede7a0550c68031704f5f89&aid=304142&ucfs=1&arphpl=1&checkin=2024-05-08&checkout=2024-05-09&dest_id=-663612&dest_type=city&group_adults=1&req_adults=1&no_rooms=1&group_children=0&req_children=0&hpos=25&hapos=75&sr_order=popularity&nflt=ht_id%3D204&srpvid=ec4998ceb059015f&srepoch=1703367844&all_sr_blocks=30352501_179943401_2_1_0&highlighted_blocks=30352501_179943401_2_1_0&matching_block_id=30352501_179943401_2_1_0&sr_pri_blocks=30352501_179943401_2_1_0__32400&from=searchresults#hotelTmpl;FALSE
Resort Marulhos Porto de Galinhas;https://www.booking.com/hotel/br/resort-marulhos-porto-de-galinhas.pt-br.html?label=gen173nr-1BCAEoggI46AdIM1gEaCCIAQGYAS24AQfIAQzYAQHoAQGIAgGoAgO4Aua9m6wGwAIB0gIkZTRkMGZhZTgtMzNkMS00YjM4LWI3ZmYtYTMzMWQ3Yzk4MTA32AIF4AIB&sid=bb851cb4cede7a0550c68031704f5f89&aid=304142&ucfs=1&arphpl=1&checkin=2024-05-08&checkout=2024-05-09&dest_id=-663612&dest_type=city&group_adults=1&req_adults=1&no_rooms=1&group_children=0&req_children=0&hpos=1&hapos=76&sr_order=popularity&nflt=ht_id%3D204&srpvid=ec4998ceb059015f&srepoch=1703367846&all_sr_blocks=808934101_342468047_0_42_0&highlighted_blocks=808934101_342468047_0_42_0&matching_block_id=808934101_342468047_0_42_0&sr_pri_blocks=808934101_342468047_0_42_0__52350&from_sustainable_property_sr=1&from=searchresults#hotelTmpl;FALSE
Pousada Ecoporto;https://www.booking.com/hotel/br/pousada-ecoporto.pt-br.html?label=gen173nr-1BCAEoggI46AdIM1gEaCCIAQGYAS24AQfIAQzYAQHoAQGIAgGoAgO4Aua9m6wGwAIB0gIkZTRkMGZhZTgtMzNkMS00YjM4LWI3ZmYtYTMzMWQ3Yzk4MTA32AIF4AIB&sid=bb851cb4cede7a0550c68031704f5f89&aid=304142&ucfs=1&arphpl=1&checkin=2024-05-08&checkout=2024-05-09&dest_id=-663612&dest_type=city&group_adults=1&req_adults=1&no_rooms=1&group_children=0&req_children=0&hpos=2&hapos=77&sr_order=popularity&nflt=ht_id%3D204&srpvid=ec4998ceb059015f&srepoch=1703367846&all_sr_blocks=26223101_241067813_2_1_0&highlighted_blocks=26223101_241067813_2_1_0&matching_block_id=26223101_241067813_2_1_0&sr_pri_blocks=26223101_241067813_2_1_0__61992&from_sustainable_property_sr=1&from=searchresults#hotelTmpl;FALSE
Porto Beach Resort - Beach Class Muro Alto;https://www.booking.com/hotel/br/porto-beach-resort-beach-class-muro-alto.pt-br.html?label=gen173nr-1BCAEoggI46AdIM1gEaCCIAQGYAS24AQfIAQzYAQHoAQGIAgGoAgO4Aua9m6wGwAIB0gIkZTRkMGZhZTgtMzNkMS00YjM4LWI3ZmYtYTMzMWQ3Yzk4MTA32AIF4AIB&sid=bb851cb4cede7a0550c68031704f5f89&aid=304142&ucfs=1&arphpl=1&checkin=2024-05-08&checkout=2024-05-09&dest_id=-663612&dest_type=city&group_adults=1&req_adults=1&no_rooms=1&group_children=0&req_children=0&hpos=3&hapos=78&sr_order=popularity&nflt=ht_id%3D204&srpvid=ec4998ceb059015f&srepoch=1703367846&all_sr_blocks=1095908901_382503456_2_42_0&highlighted_blocks=1095908901_382503456_2_42_0&matching_block_id=1095908901_382503456_2_42_0&sr_pri_blocks=1095908901_382503456_2_42_0__64548&from_sustainable_property_sr=1&from=searchresults#hotelTmpl;FALSE
Pousada Ecos Beach;https://www.booking.com/hotel/br/pousada-ecos-beach.pt-br.html?label=gen173nr-1BCAEoggI46AdIM1gEaCCIAQGYAS24AQfIAQzYAQHoAQGIAgGoAgO4Aua9m6wGwAIB0gIkZTRkMGZhZTgtMzNkMS00YjM4LWI3ZmYtYTMzMWQ3Yzk4MTA32AIF4AIB&sid=bb851cb4cede7a0550c68031704f5f89&aid=304142&ucfs=1&arphpl=1&checkin=2024-05-08&checkout=2024-05-09&dest_id=-663612&dest_type=city&group_adults=1&req_adults=1&no_rooms=1&group_children=0&req_children=0&hpos=4&hapos=79&sr_order=popularity&nflt=ht_id%3D204&srpvid=ec4998ceb059015f&srepoch=1703367846&all_sr_blocks=429795901_195406855_2_1_0&highlighted_blocks=429795901_195406855_2_1_0&matching_block_id=429795901_195406855_2_1_0&sr_pri_blocks=429795901_195406855_2_1_0__92358&from=searchresults#hotelTmpl;FALSE
Kembali Hotel Porto de Galinhas;https://www.booking.com/hotel/br/kembali.pt-br.html?label=gen173nr-1BCAEoggI46AdIM1gEaCCIAQGYAS24AQfIAQzYAQHoAQGIAgGoAgO4Aua9m6wGwAIB0gIkZTRkMGZhZTgtMzNkMS00YjM4LWI3ZmYtYTMzMWQ3Yzk4MTA32AIF4AIB&sid=bb851cb4cede7a0550c68031704f5f89&aid=304142&ucfs=1&arphpl=1&checkin=2024-05-08&checkout=2024-05-09&dest_id=-663612&dest_type=city&group_adults=1&req_adults=1&no_rooms=1&group_children=0&req_children=0&hpos=5&hapos=80&sr_order=popularity&nflt=ht_id%3D204&srpvid=ec4998ceb059015f&srepoch=1703367846&all_sr_blocks=100177902_381830755_2_1_0&highlighted_blocks=100177902_381830755_2_1_0&matching_block_id=100177902_381830755_2_1_0&sr_pri_blocks=100177902_381830755_2_1_0__98532&from_sustainable_property_sr=1&from=searchresults#hotelTmpl;FALSE
Pousada da Vivi;https://www.booking.com/hotel/br/pousada-da-vivi.pt-br.html?label=gen173nr-1BCAEoggI46AdIM1gEaCCIAQGYAS24AQfIAQzYAQHoAQGIAgGoAgO4Aua9m6wGwAIB0gIkZTRkMGZhZTgtMzNkMS00YjM4LWI3ZmYtYTMzMWQ3Yzk4MTA32AIF4AIB&sid=bb851cb4cede7a0550c68031704f5f89&aid=304142&ucfs=1&arphpl=1&checkin=2024-05-08&checkout=2024-05-09&dest_id=-663612&dest_type=city&group_adults=1&req_adults=1&no_rooms=1&group_children=0&req_children=0&hpos=6&hapos=81&sr_order=popularity&nflt=ht_id%3D204&srpvid=ec4998ceb059015f&srepoch=1703367846&all_sr_blocks=57988005_375606059_2_2_0&highlighted_blocks=57988005_375606059_2_2_0&matching_block_id=57988005_375606059_2_2_0&sr_pri_blocks=57988005_375606059_2_2_0__13000&from=searchresults#hotelTmpl;FALSE
POUSADA FJ MELO;https://www.booking.com/hotel/br/pousada-fj-melo.pt-br.html?label=gen173nr-1BCAEoggI46AdIM1gEaCCIAQGYAS24AQfIAQzYAQHoAQGIAgGoAgO4Aua9m6wGwAIB0gIkZTRkMGZhZTgtMzNkMS00YjM4LWI3ZmYtYTMzMWQ3Yzk4MTA32AIF4AIB&sid=bb851cb4cede7a0550c68031704f5f89&aid=304142&ucfs=1&arphpl=1&checkin=2024-05-08&checkout=2024-05-09&dest_id=-663612&dest_type=city&group_adults=1&req_adults=1&no_rooms=1&group_children=0&req_children=0&hpos=7&hapos=82&sr_order=popularity&nflt=ht_id%3D204&srpvid=ec4998ceb059015f&srepoch=1703367846&all_sr_blocks=1074248901_379973269_1_1_0&highlighted_blocks=1074248901_379973269_1_1_0&matching_block_id=1074248901_379973269_1_1_0&sr_pri_blocks=1074248901_379973269_1_1_0__16200&from=searchresults#hotelTmpl;FALSE
Hotel Village Porto De Galinhas;https://www.booking.com/hotel/br/village-porto-de-galinhas.pt-br.html?label=gen173nr-1BCAEoggI46AdIM1gEaCCIAQGYAS24AQfIAQzYAQHoAQGIAgGoAgO4Aua9m6wGwAIB0gIkZTRkMGZhZTgtMzNkMS00YjM4LWI3ZmYtYTMzMWQ3Yzk4MTA32AIF4AIB&sid=bb851cb4cede7a0550c68031704f5f89&aid=304142&ucfs=1&arphpl=1&checkin=2024-05-08&checkout=2024-05-09&dest_id=-663612&dest_type=city&group_adults=1&req_adults=1&no_rooms=1&group_children=0&req_children=0&hpos=8&hapos=83&sr_order=popularity&nflt=ht_id%3D204&srpvid=ec4998ceb059015f&srepoch=1703367846&all_sr_blocks=17458811_288296317_0_41_0&highlighted_blocks=17458811_288296317_0_41_0&matching_block_id=17458811_288296317_0_41_0&sr_pri_blocks=17458811_288296317_0_41_0__85920&from_sustainable_property_sr=1&from=searchresults#hotelTmpl;FALSE
Pousada Porto Sol;https://www.booking.com/hotel/br/pousada-porto-sol.pt-br.html?label=gen173nr-1BCAEoggI46AdIM1gEaCCIAQGYAS24AQfIAQzYAQHoAQGIAgGoAgO4Aua9m6wGwAIB0gIkZTRkMGZhZTgtMzNkMS00YjM4LWI3ZmYtYTMzMWQ3Yzk4MTA32AIF4AIB&sid=bb851cb4cede7a0550c68031704f5f89&aid=304142&ucfs=1&arphpl=1&checkin=2024-05-08&checkout=2024-05-09&dest_id=-663612&dest_type=city&group_adults=1&req_adults=1&no_rooms=1&group_children=0&req_children=0&hpos=9&hapos=84&sr_order=popularity&nflt=ht_id%3D204&srpvid=ec4998ceb059015f&srepoch=1703367846&all_sr_blocks=133333006_380651689_5_1_0&highlighted_blocks=133333006_380651689_5_1_0&matching_block_id=133333006_380651689_5_1_0&sr_pri_blocks=133333006_380651689_5_1_0__30000&from=searchresults#hotelTmpl;FALSE
Pousada Iandê;https://www.booking.com/hotel/br/pousada-iande.pt-br.html?label=gen173nr-1BCAEoggI46AdIM1gEaCCIAQGYAS24AQfIAQzYAQHoAQGIAgGoAgO4Aua9m6wGwAIB0gIkZTRkMGZhZTgtMzNkMS00YjM4LWI3ZmYtYTMzMWQ3Yzk4MTA32AIF4AIB&sid=bb851cb4cede7a0550c68031704f5f89&aid=304142&ucfs=1&arphpl=1&checkin=2024-05-08&checkout=2024-05-09&dest_id=-663612&dest_type=city&group_adults=1&req_adults=1&no_rooms=1&group_children=0&req_children=0&hpos=10&hapos=85&sr_order=popularity&nflt=ht_id%3D204&srpvid=ec4998ceb059015f&srepoch=1703367846&all_sr_blocks=32028701_91921509_2_1_0&highlighted_blocks=32028701_91921509_2_1_0&matching_block_id=32028701_91921509_2_1_0&sr_pri_blocks=32028701_91921509_2_1_0__38808&from_sustainable_property_sr=1&from=searchresults#hotelTmpl;FALSE
Pousada Maria Bonita Porto De Galinhas;https://www.booking.com/hotel/br/pousada-maria-bonita-porto-de-galinhas.pt-br.html?label=gen173nr-1BCAEoggI46AdIM1gEaCCIAQGYAS24AQfIAQzYAQHoAQGIAgGoAgO4Aua9m6wGwAIB0gIkZTRkMGZhZTgtMzNkMS00YjM4LWI3ZmYtYTMzMWQ3Yzk4MTA32AIF4AIB&sid=bb851cb4cede7a0550c68031704f5f89&aid=304142&ucfs=1&arphpl=1&checkin=2024-05-08&checkout=2024-05-09&dest_id=-663612&dest_type=city&group_adults=1&req_adults=1&no_rooms=1&group_children=0&req_children=0&hpos=11&hapos=86&sr_order=popularity&nflt=ht_id%3D204&srpvid=ec4998ceb059015f&srepoch=1703367846&all_sr_blocks=226527601_297719699_2_41_0&highlighted_blocks=226527601_297719699_2_41_0&matching_block_id=226527601_297719699_2_41_0&sr_pri_blocks=226527601_297719699_2_41_0__41730&from=searchresults#hotelTmpl;FALSE
Porto Beach Resort - Mana Beach Experience;https://www.booking.com/hotel/br/porto-beach-resort-mana-experience.pt-br.html?label=gen173nr-1BCAEoggI46AdIM1gEaCCIAQGYAS24AQfIAQzYAQHoAQGIAgGoAgO4Aua9m6wGwAIB0gIkZTRkMGZhZTgtMzNkMS00YjM4LWI3ZmYtYTMzMWQ3Yzk4MTA32AIF4AIB&sid=bb851cb4cede7a0550c68031704f5f89&aid=304142&ucfs=1&arphpl=1&checkin=2024-05-08&checkout=2024-05-09&dest_id=-663612&dest_type=city&group_adults=1&req_adults=1&no_rooms=1&group_children=0&req_children=0&hpos=12&hapos=87&sr_order=popularity&nflt=ht_id%3D204&srpvid=ec4998ceb059015f&srepoch=1703367846&all_sr_blocks=948765601_367507521_2_42_0&highlighted_blocks=948765601_367507521_2_42_0&matching_block_id=948765601_367507521_2_42_0&sr_pri_blocks=948765601_367507521_2_42_0__38900&from_sustainable_property_sr=1&from=searchresults#hotelTmpl;FALSE
Privê Pontal de Maracaipe;https://www.booking.com/hotel/br/prive-pontal-de-maracaipe.pt-br.html?label=gen173nr-1BCAEoggI46AdIM1gEaCCIAQGYAS24AQfIAQzYAQHoAQGIAgGoAgO4Aua9m6wGwAIB0gIkZTRkMGZhZTgtMzNkMS00YjM4LWI3ZmYtYTMzMWQ3Yzk4MTA32AIF4AIB&sid=bb851cb4cede7a0550c68031704f5f89&aid=304142&ucfs=1&arphpl=1&checkin=2024-05-08&checkout=2024-05-09&dest_id=-663612&dest_type=city&group_adults=1&req_adults=1&no_rooms=1&group_children=0&req_children=0&hpos=13&hapos=88&sr_order=popularity&nflt=ht_id%3D204&srpvid=ec4998ceb059015f&srepoch=1703367846&all_sr_blocks=666575001_360618230_2_1_0&highlighted_blocks=666575001_360618230_2_1_0&matching_block_id=666575001_360618230_2_1_0&sr_pri_blocks=666575001_360618230_2_1_0__55463&from_sustainable_property_sr=1&from=searchresults#hotelTmpl;FALSE
Residência Medina Pousada & Aparts by Tribo Hotelaria;https://www.booking.com/hotel/br/residencia-medina-pousada-amp-aparts.pt-br.html?label=gen173nr-1BCAEoggI46AdIM1gEaCCIAQGYAS24AQfIAQzYAQHoAQGIAgGoAgO4Aua9m6wGwAIB0gIkZTRkMGZhZTgtMzNkMS00YjM4LWI3ZmYtYTMzMWQ3Yzk4MTA32AIF4AIB&sid=bb851cb4cede7a0550c68031704f5f89&aid=304142&ucfs=1&arphpl=1&checkin=2024-05-08&checkout=2024-05-09&dest_id=-663612&dest_type=city&group_adults=1&req_adults=1&no_rooms=1&group_children=0&req_children=0&hpos=14&hapos=89&sr_order=popularity&nflt=ht_id%3D204&srpvid=ec4998ceb059015f&srepoch=1703367846&all_sr_blocks=661854401_381482011_1_1_0&highlighted_blocks=661854401_381482011_1_1_0&matching_block_id=661854401_381482011_1_1_0&sr_pri_blocks=661854401_381482011_1_1_0__23290&from=searchresults#hotelTmpl;FALSE
Hotel Aconchego Porto de Galinhas;https://www.booking.com/hotel/br/aconchego-do-porto.pt-br.html?label=gen173nr-1BCAEoggI46AdIM1gEaCCIAQGYAS24AQfIAQzYAQHoAQGIAgGoAgO4Aua9m6wGwAIB0gIkZTRkMGZhZTgtMzNkMS00YjM4LWI3ZmYtYTMzMWQ3Yzk4MTA32AIF4AIB&sid=bb851cb4cede7a0550c68031704f5f89&aid=304142&ucfs=1&arphpl=1&checkin=2024-05-08&checkout=2024-05-09&dest_id=-663612&dest_type=city&group_adults=1&req_adults=1&no_rooms=1&group_children=0&req_children=0&hpos=15&hapos=90&sr_order=popularity&nflt=ht_id%3D204&srpvid=ec4998ceb059015f&srepoch=1703367846&all_sr_blocks=24369907_91914154_2_1_0&highlighted_blocks=24369907_91914154_2_1_0&matching_block_id=24369907_91914154_2_1_0&sr_pri_blocks=24369907_91914154_2_1_0__34425&from_sustainable_property_sr=1&from=searchresults#hotelTmpl;FALSE
Pousada Morada Azul;https://www.booking.com/hotel/br/pousada-morada-azul.pt-br.html?label=gen173nr-1BCAEoggI46AdIM1gEaCCIAQGYAS24AQfIAQzYAQHoAQGIAgGoAgO4Aua9m6wGwAIB0gIkZTRkMGZhZTgtMzNkMS00YjM4LWI3ZmYtYTMzMWQ3Yzk4MTA32AIF4AIB&sid=bb851cb4cede7a0550c68031704f5f89&aid=304142&ucfs=1&arphpl=1&checkin=2024-05-08&checkout=2024-05-09&dest_id=-663612&dest_type=city&group_adults=1&req_adults=1&no_rooms=1&group_children=0&req_children=0&hpos=16&hapos=91&sr_order=popularity&nflt=ht_id%3D204&srpvid=ec4998ceb059015f&srepoch=1703367846&all_sr_blocks=28830502_382892865_2_1_0&highlighted_blocks=28830502_382892865_2_1_0&matching_block_id=28830502_382892865_2_1_0&sr_pri_blocks=28830502_382892865_2_1_0__27500&from_sustainable_property_sr=1&from=searchresults#hotelTmpl;FALSE
Porto de Galinhas Yes Maria;https://www.booking.com/hotel/br/porto-de-galinhas-yes-maria.pt-br.html?label=gen173nr-1BCAEoggI46AdIM1gEaCCIAQGYAS24AQfIAQzYAQHoAQGIAgGoAgO4Aua9m6wGwAIB0gIkZTRkMGZhZTgtMzNkMS00YjM4LWI3ZmYtYTMzMWQ3Yzk4MTA32AIF4AIB&sid=bb851cb4cede7a0550c68031704f5f89&aid=304142&ucfs=1&arphpl=1&checkin=2024-05-08&checkout=2024-05-09&dest_id=-663612&dest_type=city&group_adults=1&req_adults=1&no_rooms=1&group_children=0&req_children=0&hpos=17&hapos=92&sr_order=popularity&nflt=ht_id%3D204&srpvid=ec4998ceb059015f&srepoch=1703367846&all_sr_blocks=392273001_245524816_0_0_0&highlighted_blocks=392273001_245524816_0_0_0&matching_block_id=392273001_245524816_0_0_0&sr_pri_blocks=392273001_245524816_0_0_0__18000&from=searchresults#hotelTmpl;FALSE
Flats Marulhos Resort by BMS;https://www.booking.com/hotel/br/flats-marulhos.pt-br.html?label=gen173nr-1BCAEoggI46AdIM1gEaCCIAQGYAS24AQfIAQzYAQHoAQGIAgGoAgO4Aua9m6wGwAIB0gIkZTRkMGZhZTgtMzNkMS00YjM4LWI3ZmYtYTMzMWQ3Yzk4MTA32AIF4AIB&sid=bb851cb4cede7a0550c68031704f5f89&aid=304142&ucfs=1&arphpl=1&checkin=2024-05-08&checkout=2024-05-09&dest_id=-663612&dest_type=city&group_adults=1&req_adults=1&no_rooms=1&group_children=0&req_children=0&hpos=18&hapos=93&sr_order=popularity&nflt=ht_id%3D204&srpvid=ec4998ceb059015f&srepoch=1703367846&all_sr_blocks=262982301_105231817_2_42_0&highlighted_blocks=262982301_105231817_2_42_0&matching_block_id=262982301_105231817_2_42_0&sr_pri_blocks=262982301_105231817_2_42_0__69900&from_sustainable_property_sr=1&from=searchresults#hotelTmpl;FALSE
Flat Porto de Galinhas;https://www.booking.com/hotel/br/flat-porto-de-galinhas-porto-de-galinhas123.pt-br.html?label=gen173nr-1BCAEoggI46AdIM1gEaCCIAQGYAS24AQfIAQzYAQHoAQGIAgGoAgO4Aua9m6wGwAIB0gIkZTRkMGZhZTgtMzNkMS00YjM4LWI3ZmYtYTMzMWQ3Yzk4MTA32AIF4AIB&sid=bb851cb4cede7a0550c68031704f5f89&aid=304142&ucfs=1&arphpl=1&checkin=2024-05-08&checkout=2024-05-09&dest_id=-663612&dest_type=city&group_adults=1&req_adults=1&no_rooms=1&group_children=0&req_children=0&hpos=19&hapos=94&sr_order=popularity&nflt=ht_id%3D204&srpvid=ec4998ceb059015f&srepoch=1703367846&all_sr_blocks=583348401_227645887_5_0_0&highlighted_blocks=583348401_227645887_5_0_0&matching_block_id=583348401_227645887_5_0_0&sr_pri_blocks=583348401_227645887_5_0_0__25000&from_sustainable_property_sr=1&from=searchresults#hotelTmpl;FALSE
Pousada Aliança;https://www.booking.com/hotel/br/pousada-alianca.pt-br.html?label=gen173nr-1BCAEoggI46AdIM1gEaCCIAQGYAS24AQfIAQzYAQHoAQGIAgGoAgO4Aua9m6wGwAIB0gIkZTRkMGZhZTgtMzNkMS00YjM4LWI3ZmYtYTMzMWQ3Yzk4MTA32AIF4AIB&sid=bb851cb4cede7a0550c68031704f5f89&aid=304142&ucfs=1&arphpl=1&checkin=2024-05-08&checkout=2024-05-09&dest_id=-663612&dest_type=city&group_adults=1&req_adults=1&no_rooms=1&group_children=0&req_children=0&hpos=20&hapos=95&sr_order=popularity&nflt=ht_id%3D204&srpvid=ec4998ceb059015f&srepoch=1703367846&all_sr_blocks=458017802_335437630_0_1_0&highlighted_blocks=458017802_335437630_0_1_0&matching_block_id=458017802_335437630_0_1_0&sr_pri_blocks=458017802_335437630_0_1_0__23000&from=searchresults#hotelTmpl;FALSE
POUSADA LUSITANA;https://www.booking.com/hotel/br/pousada-lusitana-ipojuca.pt-br.html?label=gen173nr-1BCAEoggI46AdIM1gEaCCIAQGYAS24AQfIAQzYAQHoAQGIAgGoAgO4Aua9m6wGwAIB0gIkZTRkMGZhZTgtMzNkMS00YjM4LWI3ZmYtYTMzMWQ3Yzk4MTA32AIF4AIB&sid=bb851cb4cede7a0550c68031704f5f89&aid=304142&ucfs=1&arphpl=1&checkin=2024-05-08&checkout=2024-05-09&dest_id=-663612&dest_type=city&group_adults=1&req_adults=1&no_rooms=1&group_children=0&req_children=0&hpos=21&hapos=96&sr_order=popularity&nflt=ht_id%3D204&srpvid=ec4998ceb059015f&srepoch=1703367846&all_sr_blocks=758447302_332869589_4_41_0&highlighted_blocks=758447302_332869589_4_41_0&matching_block_id=758447302_332869589_4_41_0&sr_pri_blocks=758447302_332869589_4_41_0__42000&from_sustainable_property_sr=1&from=searchresults#hotelTmpl;FALSE
Vivenda dos Corais;https://www.booking.com/hotel/br/pousada-vivenda-dos-corais.pt-br.html?label=gen173nr-1BCAEoggI46AdIM1gEaCCIAQGYAS24AQfIAQzYAQHoAQGIAgGoAgO4Aua9m6wGwAIB0gIkZTRkMGZhZTgtMzNkMS00YjM4LWI3ZmYtYTMzMWQ3Yzk4MTA32AIF4AIB&sid=bb851cb4cede7a0550c68031704f5f89&aid=304142&ucfs=1&arphpl=1&checkin=2024-05-08&checkout=2024-05-09&dest_id=-663612&dest_type=city&group_adults=1&req_adults=1&no_rooms=1&group_children=0&req_children=0&hpos=22&hapos=97&sr_order=popularity&nflt=ht_id%3D204&srpvid=ec4998ceb059015f&srepoch=1703367846&all_sr_blocks=26050507_372610250_2_1_0&highlighted_blocks=26050507_372610250_2_1_0&matching_block_id=26050507_372610250_2_1_0&sr_pri_blocks=26050507_372610250_2_1_0__49078&from_sustainable_property_sr=1&from=searchresults#hotelTmpl;FALSE
Laguna Beach Flat;https://www.booking.com/hotel/br/laguna-beach-flat-ipojuca1234567.pt-br.html?label=gen173nr-1BCAEoggI46AdIM1gEaCCIAQGYAS24AQfIAQzYAQHoAQGIAgGoAgO4Aua9m6wGwAIB0gIkZTRkMGZhZTgtMzNkMS00YjM4LWI3ZmYtYTMzMWQ3Yzk4MTA32AIF4AIB&sid=bb851cb4cede7a0550c68031704f5f89&aid=304142&ucfs=1&arphpl=1&checkin=2024-05-08&checkout=2024-05-09&dest_id=-663612&dest_type=city&group_adults=1&req_adults=1&no_rooms=1&group_children=0&req_children=0&hpos=23&hapos=98&sr_order=popularity&nflt=ht_id%3D204&srpvid=ec4998ceb059015f&srepoch=1703367846&all_sr_blocks=442389001_348136439_3_0_0&highlighted_blocks=442389001_348136439_3_0_0&matching_block_id=442389001_348136439_3_0_0&sr_pri_blocks=442389001_348136439_3_0_0__32900&from=searchresults#hotelTmpl;FALSE
Villa Caracol;https://www.booking.com/hotel/br/cores-do-mar-pousada.pt-br.html?label=gen173nr-1BCAEoggI46AdIM1gEaCCIAQGYAS24AQfIAQzYAQHoAQGIAgGoAgO4Aua9m6wGwAIB0gIkZTRkMGZhZTgtMzNkMS00YjM4LWI3ZmYtYTMzMWQ3Yzk4MTA32AIF4AIB&sid=bb851cb4cede7a0550c68031704f5f89&aid=304142&ucfs=1&arphpl=1&checkin=2024-05-08&checkout=2024-05-09&dest_id=-663612&dest_type=city&group_adults=1&req_adults=1&no_rooms=1&group_children=0&req_children=0&hpos=24&hapos=99&sr_order=popularity&nflt=ht_id%3D204&srpvid=ec4998ceb059015f&srepoch=1703367846&all_sr_blocks=24394117_91914183_1_41_0&highlighted_blocks=24394117_91914183_1_41_0&matching_block_id=24394117_91914183_1_41_0&sr_pri_blocks=24394117_91914183_1_41_0__30875&from_sustainable_property_sr=1&from=searchresults#hotelTmpl;FALSE
Pousada Flats Recanto Sonhos do Porto;https://www.booking.com/hotel/br/pousada-flats-recanto-sonhos-do-porto.pt-br.html?label=gen173nr-1BCAEoggI46AdIM1gEaCCIAQGYAS24AQfIAQzYAQHoAQGIAgGoAgO4Aua9m6wGwAIB0gIkZTRkMGZhZTgtMzNkMS00YjM4LWI3ZmYtYTMzMWQ3Yzk4MTA32AIF4AIB&sid=bb851cb4cede7a0550c68031704f5f89&aid=304142&ucfs=1&arphpl=1&checkin=2024-05-08&checkout=2024-05-09&dest_id=-663612&dest_type=city&group_adults=1&req_adults=1&no_rooms=1&group_children=0&req_children=0&hpos=25&hapos=100&sr_order=popularity&nflt=ht_id%3D204&srpvid=ec4998ceb059015f&srepoch=1703367846&all_sr_blocks=29661404_382854251_2_0_0&highlighted_blocks=29661404_382854251_2_0_0&matching_block_id=29661404_382854251_2_0_0&sr_pri_blocks=29661404_382854251_2_0_0__43000&from=searchresults#hotelTmpl;FALSE
POUSADA BORE KOKO;https://www.booking.com/hotel/br/pousada-bore-koko-ipojuca.pt-br.html?label=gen173nr-1BCAEoggI46AdIM1gEaCCIAQGYAS24AQfIAQzYAQHoAQGIAgGoAgO4Aua9m6wGwAIB0gIkZTRkMGZhZTgtMzNkMS00YjM4LWI3ZmYtYTMzMWQ3Yzk4MTA32AIF4AIB&sid=bb851cb4cede7a0550c68031704f5f89&aid=304142&ucfs=1&arphpl=1&checkin=2024-05-08&checkout=2024-05-09&dest_id=-663612&dest_type=city&group_adults=1&req_adults=1&no_rooms=1&group_children=0&req_children=0&hpos=1&hapos=101&sr_order=popularity&nflt=ht_id%3D204&srpvid=ec4998ceb059015f&srepoch=1703367847&all_sr_blocks=693269601_285394689_2_1_0&highlighted_blocks=693269601_285394689_2_1_0&matching_block_id=693269601_285394689_2_1_0&sr_pri_blocks=693269601_285394689_2_1_0__45000&from=searchresults#hotelTmpl;FALSE
Mana Beach Experience - Muro Alto - Flat Luxo 2 qtos;https://www.booking.com/hotel/br/flat-mana-beach-residence.pt-br.html?label=gen173nr-1BCAEoggI46AdIM1gEaCCIAQGYAS24AQfIAQzYAQHoAQGIAgGoAgO4Aua9m6wGwAIB0gIkZTRkMGZhZTgtMzNkMS00YjM4LWI3ZmYtYTMzMWQ3Yzk4MTA32AIF4AIB&sid=bb851cb4cede7a0550c68031704f5f89&aid=304142&ucfs=1&arphpl=1&checkin=2024-05-08&checkout=2024-05-09&dest_id=-663612&dest_type=city&group_adults=1&req_adults=1&no_rooms=1&group_children=0&req_children=0&hpos=2&hapos=102&sr_order=popularity&nflt=ht_id%3D204&srpvid=ec4998ceb059015f&srepoch=1703367847&all_sr_blocks=959113001_384630734_8_0_0&highlighted_blocks=959113001_384630734_8_0_0&matching_block_id=959113001_384630734_8_0_0&sr_pri_blocks=959113001_384630734_8_0_0__61200&from_sustainable_property_sr=1&from=searchresults#hotelTmpl;FALSE
Pousada Coco Beach;https://www.booking.com/hotel/br/pousada-coco-beach.pt-br.html?label=gen173nr-1BCAEoggI46AdIM1gEaCCIAQGYAS24AQfIAQzYAQHoAQGIAgGoAgO4Aua9m6wGwAIB0gIkZTRkMGZhZTgtMzNkMS00YjM4LWI3ZmYtYTMzMWQ3Yzk4MTA32AIF4AIB&sid=bb851cb4cede7a0550c68031704f5f89&aid=304142&ucfs=1&arphpl=1&checkin=2024-05-08&checkout=2024-05-09&dest_id=-663612&dest_type=city&group_adults=1&req_adults=1&no_rooms=1&group_children=0&req_children=0&hpos=4&hapos=104&sr_order=popularity&nflt=ht_id%3D204&srpvid=ec4998ceb059015f&srepoch=1703367847&all_sr_blocks=297179902_335412155_2_1_0&highlighted_blocks=297179902_335412155_2_1_0&matching_block_id=297179902_335412155_2_1_0&sr_pri_blocks=297179902_335412155_2_1_0__28000&from=searchresults#hotelTmpl;FALSE
Porto Beach Resort - Makia Beach Experience;https://www.booking.com/hotel/br/porto-beach-resort-makia-beach-experience.pt-br.html?label=gen173nr-1BCAEoggI46AdIM1gEaCCIAQGYAS24AQfIAQzYAQHoAQGIAgGoAgO4Aua9m6wGwAIB0gIkZTRkMGZhZTgtMzNkMS00YjM4LWI3ZmYtYTMzMWQ3Yzk4MTA32AIF4AIB&sid=bb851cb4cede7a0550c68031704f5f89&aid=304142&ucfs=1&arphpl=1&checkin=2024-05-08&checkout=2024-05-09&dest_id=-663612&dest_type=city&group_adults=1&req_adults=1&no_rooms=1&group_children=0&req_children=0&hpos=5&hapos=105&sr_order=popularity&nflt=ht_id%3D204&srpvid=ec4998ceb059015f&srepoch=1703367847&all_sr_blocks=1082927701_380876015_2_42_0&highlighted_blocks=1082927701_380876015_2_42_0&matching_block_id=1082927701_380876015_2_42_0&sr_pri_blocks=1082927701_380876015_2_42_0__39900&from_sustainable_property_sr=1&from=searchresults#hotelTmpl;FALSE
Apartamento Duplex - Nannai Residence;https://www.booking.com/hotel/br/apartamento-flat-nannai-residence.pt-br.html?label=gen173nr-1BCAEoggI46AdIM1gEaCCIAQGYAS24AQfIAQzYAQHoAQGIAgGoAgO4Aua9m6wGwAIB0gIkZTRkMGZhZTgtMzNkMS00YjM4LWI3ZmYtYTMzMWQ3Yzk4MTA32AIF4AIB&sid=bb851cb4cede7a0550c68031704f5f89&aid=304142&ucfs=1&arphpl=1&checkin=2024-05-08&checkout=2024-05-09&dest_id=-663612&dest_type=city&group_adults=1&req_adults=1&no_rooms=1&group_children=0&req_children=0&hpos=6&hapos=106&sr_order=popularity&nflt=ht_id%3D204&srpvid=ec4998ceb059015f&srepoch=1703367847&all_sr_blocks=1028971401_376381110_4_2_0&highlighted_blocks=1028971401_376381110_4_2_0&matching_block_id=1028971401_376381110_4_2_0&sr_pri_blocks=1028971401_376381110_4_2_0__80000&from=searchresults#hotelTmpl;FALSE
Pousada Mirante de Porto;https://www.booking.com/hotel/br/pousada-horizonte-de-porto.pt-br.html?label=gen173nr-1BCAEoggI46AdIM1gEaCCIAQGYAS24AQfIAQzYAQHoAQGIAgGoAgO4Aua9m6wGwAIB0gIkZTRkMGZhZTgtMzNkMS00YjM4LWI3ZmYtYTMzMWQ3Yzk4MTA32AIF4AIB&sid=bb851cb4cede7a0550c68031704f5f89&aid=304142&ucfs=1&arphpl=1&checkin=2024-05-08&checkout=2024-05-09&dest_id=-663612&dest_type=city&group_adults=1&req_adults=1&no_rooms=1&group_children=0&req_children=0&hpos=7&hapos=107&sr_order=popularity&nflt=ht_id%3D204&srpvid=ec4998ceb059015f&srepoch=1703367847&all_sr_blocks=442649904_335435086_2_0_0&highlighted_blocks=442649904_335435086_2_0_0&matching_block_id=442649904_335435086_2_0_0&sr_pri_blocks=442649904_335435086_2_0_0__55000&from=searchresults#hotelTmpl;FALSE
Polinésia Resort Beira Mar Muro Alto Porto de Galinhas - Nunes;https://www.booking.com/hotel/br/polinesia-resort-beira-mar-muro-alto-porto-de-galinhas-nunes.pt-br.html?label=gen173nr-1BCAEoggI46AdIM1gEaCCIAQGYAS24AQfIAQzYAQHoAQGIAgGoAgO4Aua9m6wGwAIB0gIkZTRkMGZhZTgtMzNkMS00YjM4LWI3ZmYtYTMzMWQ3Yzk4MTA32AIF4AIB&sid=bb851cb4cede7a0550c68031704f5f89&aid=304142&ucfs=1&arphpl=1&checkin=2024-05-08&checkout=2024-05-09&dest_id=-663612&dest_type=city&group_adults=1&req_adults=1&no_rooms=1&group_children=0&req_children=0&hpos=8&hapos=108&sr_order=popularity&nflt=ht_id%3D204&srpvid=ec4998ceb059015f&srepoch=1703367847&all_sr_blocks=1121101901_384898743_1_0_0&highlighted_blocks=1121101901_384898743_1_0_0&matching_block_id=1121101901_384898743_1_0_0&sr_pri_blocks=1121101901_384898743_1_0_0__104000&from=searchresults#hotelTmpl;FALSE